date,country,state,county,fips,lat,long,locationId,actuals.cases,actuals.deaths,actuals.positiveTests,actuals.negativeTests,actuals.contactTracers,actuals.hospitalBeds.capacity,actuals.hospitalBeds.currentUsageTotal,actuals.hospitalBeds.currentUsageCovid,actuals.hospitalBeds.typicalUsageRate,actuals.icuBeds.capacity,actuals.icuBeds.currentUsageTotal,actuals.icuBeds.currentUsageCovid,actuals.icuBeds.typicalUsageRate,actuals.newCases,actuals.vaccinesDistributed,actuals.vaccinationsInitiated,actuals.vaccinationsCompleted,metrics.testPositivityRatio,metrics.testPositivityRatioDetails,metrics.caseDensity,metrics.contactTracerCapacityRatio,metrics.infectionRate,metrics.infectionRateCI90,metrics.icuHeadroomRatio,metrics.icuHeadroomDetails,metrics.icuCapacityRatio,riskLevels.overall,metrics.vaccinationsInitiatedRatio,metrics.vaccinationsCompletedRatio,actuals.newDeaths,actuals.vaccinesAdministered
2020-03-02,US,PA,,42,,,iso1:us#iso2:us-pa,,,,9,Not available,,N/A,,,N/A,null,Not Available,,,,,,,,0,,,,,,,0,,,,
2020-03-03,US,PA,,42,,,iso1:us#iso2:us-pa,,,1,14,Not available,,N/A,,,N/A,null,Not Available,,,,,,,,0,,,,,,,0,,,,
2020-03-04,US,PA,,42,,,iso1:us#iso2:us-pa,,,1,19,Not available,,N/A,,,N/A,null,Not Available,,,,,,0,,0,,,,,,,0,,,,
2020-03-05,US,PA,,42,,,iso1:us#iso2:us-pa,,,2,28,Not available,,N/A,,,N/A,null,Not Available,,,,,,0.073,,0,,,,,,,0,,,,
2020-03-06,US,PA,,42,,,iso1:us#iso2:us-pa,2,0,7,61,Not available,,N/A,,,N/A,null,Not Available,,,,,,0.133,,0,,,,,,,0,,,,
2020-03-07,US,PA,,42,,,iso1:us#iso2:us-pa,4,0,11,82,Not available,,N/A,,,N/A,null,Not Available,,2,,,,0.146,,0,,,,,,,0,,,0,
2020-03-08,US,PA,,42,,,iso1:us#iso2:us-pa,6,0,18,112,Not available,,N/A,,,N/A,null,Not Available,,2,,,,0.165,,0,,1.83,0.84,,,,0,,,0,
2020-03-09,US,PA,,42,,,iso1:us#iso2:us-pa,10,0,25,143,Not available,,N/A,,,N/A,null,Not Available,,4,,,,0.173,,0,,1.87,0.5,,,,0,,,0,
2020-03-10,US,PA,,42,,,iso1:us#iso2:us-pa,12,0,31,191,Not available,,N/A,,,N/A,null,Not Available,,2,,,,0.145,,0,,1.91,0.43,,,,0,,,0,
2020-03-11,US,PA,,42,,,iso1:us#iso2:us-pa,16,0,45,263,Not available,,N/A,,,N/A,null,Not Available,,4,,,,0.153,,0,,1.95,0.42,,,,0,,,0,
2020-03-12,US,PA,,42,,,iso1:us#iso2:us-pa,22,0,68,389,Not available,,N/A,,,N/A,null,Not Available,,6,,,,0.155,,0,,1.99,0.41,,,,0,,,0,
2020-03-13,US,PA,,42,,,iso1:us#iso2:us-pa,41,0,101,591,Not available,,N/A,,,N/A,null,Not Available,,19,,,,0.151,,0,,2.02,0.37,,,,0,,,0,
2020-03-14,US,PA,,42,,,iso1:us#iso2:us-pa,47,0,120,759,Not available,,N/A,,,N/A,null,Not Available,,6,,,,0.139,,0,,2.05,0.34,,,,0,,,0,
2020-03-15,US,PA,,42,,,iso1:us#iso2:us-pa,68,0,139,941,Not available,,N/A,,,N/A,null,Not Available,,21,,,,0.127,,0.1,,2.08,0.32,,,,0,,,0,
2020-03-16,US,PA,,42,,,iso1:us#iso2:us-pa,81,0,185,1341,Not available,,N/A,,,N/A,null,Not Available,,13,,,,0.118,,0.1,,2.1,0.3,,,,0,,,0,
2020-03-17,US,PA,,42,,,iso1:us#iso2:us-pa,101,0,300,2192,Not available,,N/A,,,N/A,null,Not Available,,20,,,,0.119,,0.1,,2.11,0.31,,,,0,,,0,
2020-03-18,US,PA,,42,,,iso1:us#iso2:us-pa,139,1,370,2984,Not available,,N/A,,,N/A,null,Not Available,,38,,,,0.107,,0.1,,2.12,0.29,,,,0,,,1,
2020-03-19,US,PA,,42,,,iso1:us#iso2:us-pa,187,1,548,4796,Not available,,N/A,,,N/A,null,Not Available,,48,,,,0.098,,0.2,,2.12,0.25,,,,0,,,0,
2020-03-20,US,PA,,42,,,iso1:us#iso2:us-pa,269,1,725,6247,Not available,,N/A,,,N/A,null,Not Available,,82,,,,0.099,,0.3,,2.11,0.2,,,,0,,,0,
2020-03-21,US,PA,,42,,,iso1:us#iso2:us-pa,388,2,1002,9501,Not available,,N/A,,,N/A,null,Not Available,,119,,,,0.092,,0.4,,2.1,0.17,,,,0,,,1,
2020-03-22,US,PA,,42,,,iso1:us#iso2:us-pa,504,3,1218,11667,Not available,,N/A,,,N/A,null,Not Available,,116,,,,0.091,,0.5,,2.08,0.14,,,,0,,,1,
2020-03-23,US,PA,,42,,,iso1:us#iso2:us-pa,644,6,1483,13713,Not available,,N/A,,,N/A,null,Not Available,,140,,,,0.095,,0.6,,2.05,0.11,,,,0,,,3,
2020-03-24,US,PA,,42,,,iso1:us#iso2:us-pa,851,8,2076,18253,Not available,,N/A,,,N/A,null,Not Available,,207,,,,0.1,,0.8,,2.01,0.1,,,,0,,,2,
2020-03-25,US,PA,,42,,,iso1:us#iso2:us-pa,1151,12,2928,25233,Not available,,N/A,,,N/A,null,Not Available,,300,,,,0.103,,1.1,,1.96,0.1,,,,3,,,4,
2020-03-26,US,PA,,42,,,iso1:us#iso2:us-pa,1690,16,3682,30595,Not available,,N/A,,,N/A,null,Not Available,,539,,,,0.108,,1.7,,1.91,0.1,,,,3,,,4,
2020-03-27,US,PA,,42,,,iso1:us#iso2:us-pa,2217,23,4456,35582,Not available,,N/A,,,N/A,null,Not Available,,527,,,,0.113,,2.2,,1.86,0.1,,,,3,,,7,
2020-03-28,US,PA,,42,,,iso1:us#iso2:us-pa,2815,35,5445,41316,Not available,,N/A,,,N/A,null,Not Available,,598,,,,0.123,,2.7,,1.8,0.1,,,,3,,,12,
2020-03-29,US,PA,,42,,,iso1:us#iso2:us-pa,3441,40,6330,45964,Not available,,N/A,,,N/A,null,Not Available,,626,,,,0.13,,3.3,,1.75,0.1,,,,3,,,5,
2020-03-30,US,PA,,42,,,iso1:us#iso2:us-pa,4156,48,7539,51324,Not available,,N/A,,,N/A,null,Not Available,,715,,,,0.139,,3.9,,1.69,0.1,,,,3,,,8,
2020-03-31,US,PA,,42,,,iso1:us#iso2:us-pa,4997,72,9252,57864,Not available,,N/A,,,N/A,null,Not Available,,841,,,,0.153,,4.6,,1.63,0.1,,,,3,,,24,
2020-04-01,US,PA,,42,,,iso1:us#iso2:us-pa,5805,78,10984,65091,Not available,,N/A,,,N/A,null,Not Available,,808,,,,0.168,,5.2,,1.57,0.1,,,,3,,,6,
2020-04-02,US,PA,,42,,,iso1:us#iso2:us-pa,7021,91,13271,73059,Not available,,N/A,,,N/A,null,Not Available,,1216,,,,0.184,,5.9,,1.52,0.1,,,,3,,,13,
2020-04-03,US,PA,,42,,,iso1:us#iso2:us-pa,8420,102,15709,81414,Not available,,N/A,,,N/A,null,Not Available,,1399,,,,0.197,,6.9,,1.46,0.1,,,,3,,,11,
2020-04-04,US,PA,,42,,,iso1:us#iso2:us-pa,10110,140,17675,87987,Not available,,N/A,,,N/A,null,Not Available,,1690,,,,0.208,,8.1,,1.41,0.1,,,,3,,,38,
2020-04-05,US,PA,,42,,,iso1:us#iso2:us-pa,11590,159,20012,95988,Not available,,N/A,,,N/A,null,Not Available,,1480,,,,0.215,,9.1,,1.36,0.1,,,,3,,,19,
2020-04-06,US,PA,,42,,,iso1:us#iso2:us-pa,13075,170,22290,102776,Not available,,N/A,,,N/A,null,Not Available,,1485,,,,0.223,,10,,1.31,0.1,,,,3,,,11,
2020-04-07,US,PA,,42,,,iso1:us#iso2:us-pa,14582,241,24738,108652,Not available,,N/A,,,N/A,null,Not Available,,1507,,,,0.234,,10.7,,1.27,0.1,,,,3,,,71,
2020-04-08,US,PA,,42,,,iso1:us#iso2:us-pa,16414,313,27578,116670,Not available,,N/A,,,N/A,null,Not Available,,1832,,,,0.243,,11.8,,1.22,0.1,,,,3,,,72,
2020-04-09,US,PA,,42,,,iso1:us#iso2:us-pa,18379,344,30277,123831,Not available,,N/A,,,N/A,null,Not Available,,1965,,,,0.251,,12.7,,1.19,0.1,,,,3,,,31,
2020-04-10,US,PA,,42,,,iso1:us#iso2:us-pa,20128,435,32319,129535,Not available,,N/A,,,N/A,null,Not Available,,1749,,,,0.257,,13.1,,1.15,0.1,,,,3,,,91,
2020-04-11,US,PA,,42,,,iso1:us#iso2:us-pa,21774,515,34113,134432,Not available,,N/A,,,N/A,null,Not Available,,1646,,,,0.261,,13,,1.12,0.1,,,,3,,,80,
2020-04-12,US,PA,,42,,,iso1:us#iso2:us-pa,22955,525,35627,138403,Not available,,N/A,,,N/A,null,Not Available,,1181,,,,0.269,,12.7,,1.09,0.1,,,,3,,,10,
2020-04-13,US,PA,,42,,,iso1:us#iso2:us-pa,24295,563,36693,140707,Not available,,N/A,,,N/A,null,Not Available,,1340,,,,0.275,,12.5,,1.06,0.1,,,,3,,,38,
2020-04-14,US,PA,,42,,,iso1:us#iso2:us-pa,25591,746,38393,145047,Not available,,N/A,,,N/A,null,Not Available,,1296,,,,0.273,,12.3,,1.04,0.1,,,,3,,,183,
2020-04-15,US,PA,,42,,,iso1:us#iso2:us-pa,26804,833,40643,150642,Not available,,N/A,,,N/A,null,Not Available,,1213,,,,0.278,,11.6,,1.02,0.1,,,,3,,,87,
2020-04-16,US,PA,,42,,,iso1:us#iso2:us-pa,28314,940,42770,156478,Not available,,N/A,,,N/A,null,Not Available,,1510,,,,0.277,,11.1,,1.01,0.1,,,,3,,,107,
2020-04-17,US,PA,,42,,,iso1:us#iso2:us-pa,30121,1027,44788,162175,Not available,,N/A,,,N/A,null,Not Available,,1807,,,,0.276,,11.2,,1,0.1,,,,3,,,87,
2020-04-18,US,PA,,42,,,iso1:us#iso2:us-pa,31742,1150,46106,166482,Not available,,N/A,,,N/A,null,Not Available,,1621,,,,0.272,,11.1,,0.99,0.1,,,,3,,,123,
2020-04-19,US,PA,,42,,,iso1:us#iso2:us-pa,32992,1285,47146,169988,Not available,,N/A,,,N/A,null,Not Available,,1250,,,,0.267,,11.2,,0.98,0.1,,,,3,,,135,
2020-04-20,US,PA,,42,,,iso1:us#iso2:us-pa,34005,1366,48349,174120,Not available,,N/A,,,N/A,null,Not Available,,1013,,,,0.259,,10.8,,0.97,0.1,,,,3,,,81,
2020-04-21,US,PA,,42,,,iso1:us#iso2:us-pa,35384,1620,50247,180231,Not available,,N/A,,,N/A,null,Not Available,,1379,,,,0.252,,10.9,,0.97,0.1,,,,3,,,254,
2020-04-22,US,PA,,42,,,iso1:us#iso2:us-pa,36763,1720,52009,186415,Not available,,N/A,,,N/A,null,Not Available,,1379,,,,0.241,,11.1,,0.97,0.1,,,,3,,,100,
2020-04-23,US,PA,,42,,,iso1:us#iso2:us-pa,38334,1723,53758,192942,Not available,,N/A,,,N/A,null,Not Available,,1571,,,,0.232,,11.2,,0.96,0.1,,,,3,,,3,
2020-04-24,US,PA,,42,,,iso1:us#iso2:us-pa,40298,1786,55614,199404,Not available,,N/A,,,N/A,null,Not Available,,1964,,,,0.225,,11.4,,0.96,0.1,,,,3,,,63,
2020-04-25,US,PA,,42,,,iso1:us#iso2:us-pa,41626,1842,57170,205774,Not available,,N/A,,,N/A,null,Not Available,,1328,,,,0.22,,11,,0.95,0.1,,,,3,,,56,
2020-04-26,US,PA,,42,,,iso1:us#iso2:us-pa,42709,1871,58261,210515,Not available,,N/A,,,N/A,null,Not Available,,1083,,,,0.215,,10.8,,0.95,0.1,,,,3,,,29,
2020-04-27,US,PA,,42,,,iso1:us#iso2:us-pa,43728,1946,59463,215422,Not available,,N/A,,,N/A,null,Not Available,,1019,,,,0.212,,10.8,,0.95,0.1,,,,3,,,75,
2020-04-28,US,PA,,42,,,iso1:us#iso2:us-pa,45323,2092,61083,221559,Not available,,N/A,,,N/A,null,Not Available,,1595,,,,0.208,,11.1,,0.94,0.1,,,,3,,,146,
2020-04-29,US,PA,,42,,,iso1:us#iso2:us-pa,46191,2392,62916,228804,Not available,,N/A,,,N/A,null,Not Available,,868,,,,0.205,,10.5,,0.93,0.1,,,,3,,,300,
2020-04-30,US,PA,,42,,,iso1:us#iso2:us-pa,48224,2580,64524,236299,Not available,,N/A,,,N/A,null,Not Available,,2033,,,,0.199,,11,,0.93,0.1,,,,2,,,188,
2020-05-01,US,PA,,42,,,iso1:us#iso2:us-pa,49764,2671,66175,243521,Not available,,N/A,,,N/A,null,Not Available,,1540,,,,0.193,,10.6,,0.92,0.1,,,,2,,,91,
2020-05-02,US,PA,,42,,,iso1:us#iso2:us-pa,51071,2794,67558,249804,Not available,,N/A,,,N/A,null,Not Available,,1307,,,,0.191,,10.5,,0.92,0.1,,,,2,,,123,
2020-05-03,US,PA,,42,,,iso1:us#iso2:us-pa,52079,2843,68493,254919,Not available,,N/A,,,N/A,null,Not Available,,1008,,,,0.187,,10.5,,0.91,0.1,,,,2,,,49,
2020-03-02,US,PA,,42,,,iso1:us#iso2:us-pa,,,,9,Not available,,N/A,,,N/A,null,Not Available,,,,,,,,0,,,,,,,0,,,,
2020-03-03,US,PA,,42,,,iso1:us#iso2:us-pa,,,1,14,Not available,,N/A,,,N/A,null,Not Available,,,,,,,,0,,,,,,,0,,,,
2020-03-04,US,PA,,42,,,iso1:us#iso2:us-pa,,,1,19,Not available,,N/A,,,N/A,null,Not Available,,,,,,0,,0,,,,,,,0,,,,
2020-03-05,US,PA,,42,,,iso1:us#iso2:us-pa,,,2,28,Not available,,N/A,,,N/A,null,Not Available,,,,,,0.073,,0,,,,,,,0,,,,
2020-03-06,US,PA,,42,,,iso1:us#iso2:us-pa,2,0,7,61,Not available,,N/A,,,N/A,null,Not Available,,,,,,0.133,,0,,,,,,,0,,,,
2020-03-07,US,PA,,42,,,iso1:us#iso2:us-pa,4,0,11,82,Not available,,N/A,,,N/A,null,Not Available,,2,,,,0.146,,0,,,,,,,0,,,0,
2020-03-08,US,PA,,42,,,iso1:us#iso2:us-pa,6,0,18,112,Not available,,N/A,,,N/A,null,Not Available,,2,,,,0.165,,0,,1.83,0.84,,,,0,,,0,
2020-03-09,US,PA,,42,,,iso1:us#iso2:us-pa,10,0,25,143,Not available,,N/A,,,N/A,null,Not Available,,4,,,,0.173,,0,,1.87,0.5,,,,0,,,0,
2020-03-10,US,PA,,42,,,iso1:us#iso2:us-pa,12,0,31,191,Not available,,N/A,,,N/A,null,Not Available,,2,,,,0.145,,0,,1.91,0.43,,,,0,,,0,
2020-03-11,US,PA,,42,,,iso1:us#iso2:us-pa,16,0,45,263,Not available,,N/A,,,N/A,null,Not Available,,4,,,,0.153,,0,,1.95,0.42,,,,0,,,0,
2020-05-04,US,PA,,42,,,iso1:us#iso2:us-pa,52992,2880,69450,259797,Not available,,N/A,,,N/A,null,Not Available,,913,,,,0.184,,10.3,,0.91,0.1,,,,2,,,37,
2020-05-05,US,PA,,42,,,iso1:us#iso2:us-pa,53967,3206,70890,266754,Not available,,N/A,,,N/A,null,Not Available,,975,,,,0.178,,9.6,,0.9,0.1,,,,2,,,326,
2020-05-06,US,PA,,42,,,iso1:us#iso2:us-pa,54989,3360,72468,275683,Not available,,N/A,,,N/A,null,Not Available,,1022,,,,0.169,,9.8,,0.9,0.1,,,,2,,,154,
2020-05-07,US,PA,,42,,,iso1:us#iso2:us-pa,56149,3599,73907,284884,Not available,,N/A,,,N/A,null,Not Available,,1160,,,,0.162,,8.8,,0.89,0.1,,,,2,,,239,
2020-05-08,US,PA,,42,,,iso1:us#iso2:us-pa,57501,3724,75252,292903,Not available,,N/A,,,N/A,null,Not Available,,1352,,,,0.155,,8.6,,0.89,0.1,,,,2,,,125,
2020-05-09,US,PA,,42,,,iso1:us#iso2:us-pa,58661,3793,76420,300462,Not available,,N/A,,,N/A,null,Not Available,,1160,,,,0.149,,8.5,,0.89,0.1,,,,2,,,69,
2020-05-10,US,PA,,42,,,iso1:us#iso2:us-pa,60037,3819,77074,305708,Not available,,N/A,,,N/A,null,Not Available,,1376,,,,0.145,,8.9,,0.89,0.1,,,,2,,,26,
2020-05-11,US,PA,,42,,,iso1:us#iso2:us-pa,60557,3846,77929,312495,160,,N/A,,,N/A,null,Not Available,,520,,,,0.139,,8.4,0.03,0.89,0.1,,,,2,,,27,
2020-05-12,US,PA,,42,,,iso1:us#iso2:us-pa,61407,3924,79096,321449,160,,N/A,,,N/A,null,Not Available,,850,,,,0.13,,8.3,0.03,0.89,0.1,,,,2,,,78,
2020-05-13,US,PA,,42,,,iso1:us#iso2:us-pa,62194,4104,80325,331852,160,,N/A,,,N/A,null,Not Available,,787,,,,0.123,,8,0.03,0.89,0.1,,,,2,,,180,
2020-05-14,US,PA,,42,,,iso1:us#iso2:us-pa,63158,4298,81597,341244,160,,N/A,,,N/A,null,Not Available,,964,,,,0.12,,7.8,0.03,0.89,0.1,,,,2,,,194,
2020-05-15,US,PA,,42,,,iso1:us#iso2:us-pa,64178,4432,82991,351707,160,,N/A,,,N/A,null,Not Available,,1020,,,,0.116,,7.5,0.03,0.89,0.1,,,,2,,,134,
2020-05-16,US,PA,,42,,,iso1:us#iso2:us-pa,65228,4490,84100,360777,160,,N/A,,,N/A,null,Not Available,,1050,,,,0.113,,7.3,0.03,0.89,0.1,,,,2,,,58,
2020-05-17,US,PA,,42,,,iso1:us#iso2:us-pa,65745,4504,84809,368960,160,,N/A,,,N/A,null,Not Available,,517,,,,0.109,,6.4,0.04,0.89,0.1,,,,2,,,14,
2020-05-18,US,PA,,42,,,iso1:us#iso2:us-pa,66676,4560,85741,376984,160,,N/A,,,N/A,null,Not Available,,931,,,,0.108,,6.8,0.04,0.89,0.1,,,,2,,,56,
2020-05-19,US,PA,,42,,,iso1:us#iso2:us-pa,67404,4675,86760,386315,160,,N/A,,,N/A,null,Not Available,,728,,,,0.106,,6.7,0.04,0.89,0.1,,,,2,,,115,
2020-05-20,US,PA,,42,,,iso1:us#iso2:us-pa,68151,4794,87801,396696,160,,N/A,,,N/A,null,Not Available,,747,,,,0.103,,6.6,0.04,0.89,0.1,,,,2,,,119,
2020-05-21,US,PA,,42,,,iso1:us#iso2:us-pa,69252,4887,89055,409898,160,,N/A,,,N/A,null,Not Available,,1101,,,,0.098,,6.8,0.04,0.89,0.1,,,,1,,,93,
2020-05-22,US,PA,,42,,,iso1:us#iso2:us-pa,70305,5032,90142,421422,160,,N/A,,,N/A,null,Not Available,,1053,,,,0.093,,6.8,0.04,0.89,0.1,,,,1,,,145,
2020-05-23,US,PA,,42,,,iso1:us#iso2:us-pa,71102,5121,91031,431864,160,,N/A,,,N/A,null,Not Available,,797,,,,0.089,,6.6,0.04,0.88,0.1,,,,1,,,89,
2020-05-24,US,PA,,42,,,iso1:us#iso2:us-pa,71656,5145,91853,441428,160,,N/A,,,N/A,null,Not Available,,554,,,,0.089,,6.6,0.04,0.88,0.1,,,,1,,,24,
2020-05-25,US,PA,,42,,,iso1:us#iso2:us-pa,72356,5159,92713,451094,160,,N/A,,,N/A,null,Not Available,,700,,,,0.086,,6.3,0.04,0.88,0.1,,,,1,,,14,
2020-05-26,US,PA,,42,,,iso1:us#iso2:us-pa,72873,5175,93648,460538,160,,N/A,,,N/A,null,Not Available,,517,,,,0.085,,6.1,0.04,0.88,0.1,,,,1,,,16,
2020-05-27,US,PA,,42,,,iso1:us#iso2:us-pa,73646,5290,94578,472754,160,,N/A,,,N/A,null,Not Available,,773,,,,0.082,,6.1,0.04,0.87,0.1,,,,1,,,115,
2020-05-28,US,PA,,42,,,iso1:us#iso2:us-pa,74312,5397,95588,485435,160,,N/A,,,N/A,null,Not Available,,666,,,,0.08,,5.6,0.04,0.87,0.1,,,,1,,,107,
2020-05-29,US,PA,,42,,,iso1:us#iso2:us-pa,75073,5467,96625,498090,160,,N/A,,,N/A,null,Not Available,,761,,,,0.078,,5.3,0.05,0.87,0.1,,,,1,,,70,
2020-05-30,US,PA,,42,,,iso1:us#iso2:us-pa,75789,5537,97381,509843,160,,N/A,,,N/A,null,Not Available,,716,,,,0.075,,5.2,0.05,0.87,0.1,,,,1,,,70,
2020-05-31,US,PA,,42,,,iso1:us#iso2:us-pa,76218,5555,98145,521386,160,,N/A,,,N/A,null,Not Available,,429,,,,0.073,,5.1,0.05,0.87,0.1,,,,1,,,18,
2020-06-01,US,PA,,42,,,iso1:us#iso2:us-pa,76734,5574,98839,532408,160,,N/A,,,N/A,null,Not Available,,516,,,,0.07,,4.9,0.05,0.87,0.1,,,,1,,,19,
2020-06-02,US,PA,,42,,,iso1:us#iso2:us-pa,77315,5670,99735,545877,350,,N/A,,,N/A,null,Not Available,,581,,,,0.067,,5,0.11,0.87,0.1,,,,1,,,96,
2020-06-03,US,PA,,42,,,iso1:us#iso2:us-pa,77871,5742,100669,561391,350,,N/A,,,N/A,null,Not Available,,556,,,,0.064,,4.7,0.12,0.87,0.1,,,,1,,,72,
2020-06-04,US,PA,,42,,,iso1:us#iso2:us-pa,78428,5862,101656,576232,350,,N/A,,,N/A,null,Not Available,,557,,,,0.063,,4.6,0.12,0.87,0.1,,,,1,,,120,
2020-06-05,US,PA,,42,,,iso1:us#iso2:us-pa,78908,5952,102489,590797,350,,N/A,,,N/A,null,Not Available,,480,,,,0.059,,4.3,0.13,0.88,0.1,,,,1,,,90,
2020-06-06,US,PA,,42,,,iso1:us#iso2:us-pa,79507,5986,103106,602436,350,,N/A,,,N/A,null,Not Available,,599,,,,0.058,,4.1,0.13,0.88,0.1,,,,1,,,34,
2020-06-07,US,PA,,42,,,iso1:us#iso2:us-pa,80001,5997,103779,614627,350,,N/A,,,N/A,null,Not Available,,494,,,,0.057,,4.2,0.13,0.89,0.1,,,,1,,,11,
2020-06-08,US,PA,,42,,,iso1:us#iso2:us-pa,80432,6007,104450,626746,350,,N/A,,,N/A,null,Not Available,,431,,,,0.056,,4.1,0.13,0.89,0.1,,,,1,,,10,
2020-06-09,US,PA,,42,,,iso1:us#iso2:us-pa,80964,6070,105256,642082,350,,N/A,,,N/A,null,Not Available,,532,,,,0.054,,4.1,0.13,0.9,0.1,,,,1,,,63,
2020-06-10,US,PA,,42,,,iso1:us#iso2:us-pa,81410,6143,106093,660291,350,,N/A,,,N/A,null,Not Available,,446,,,,0.052,,3.9,0.14,0.9,0.1,,,,1,,,73,
2020-06-11,US,PA,,42,,,iso1:us#iso2:us-pa,81944,6187,106835,674526,350,,N/A,,,N/A,null,Not Available,,534,,,,0.05,,3.9,0.14,0.91,0.1,,,,1,,,44,
2020-06-12,US,PA,,42,,,iso1:us#iso2:us-pa,82578,6229,107550,690058,350,,N/A,,,N/A,null,Not Available,,634,,,,0.049,,4.1,0.13,0.92,0.1,,,,1,,,42,
2020-06-13,US,PA,,42,,,iso1:us#iso2:us-pa,82988,6264,108186,705922,350,,N/A,,,N/A,null,Not Available,,410,,,,0.047,,3.9,0.14,0.94,0.1,,,,1,,,35,
2020-06-14,US,PA,,42,,,iso1:us#iso2:us-pa,83301,6275,108623,717901,350,,N/A,,,N/A,null,Not Available,,313,,,,0.045,,3.7,0.15,0.95,0.1,,,,1,,,11,
2020-06-15,US,PA,,42,,,iso1:us#iso2:us-pa,83687,6307,109138,730381,350,,N/A,,,N/A,null,Not Available,,386,,,,0.043,,3.6,0.15,0.96,0.1,,,,1,,,32,
2020-06-16,US,PA,,42,,,iso1:us#iso2:us-pa,84077,6337,109718,746446,350,,N/A,,,N/A,null,Not Available,,390,,,,0.041,,3.5,0.16,0.98,0.1,,,,1,,,30,
2020-06-17,US,PA,,42,,,iso1:us#iso2:us-pa,84387,6376,110486,766450,350,,N/A,,,N/A,null,Not Available,,310,,,,0.04,,3.3,0.16,0.99,0.1,,,,1,,,39,
2020-06-18,US,PA,,42,,,iso1:us#iso2:us-pa,84780,6417,111199,784608,350,,N/A,,,N/A,null,Not Available,,393,,,,0.038,,3.2,0.17,1.01,0.1,,,,1,,,41,
2020-06-19,US,PA,,42,,,iso1:us#iso2:us-pa,85288,6446,112011,801941,350,,N/A,,,N/A,null,Not Available,,508,,,,0.038,,3,0.18,1.02,0.1,,,,1,,,29,
2020-06-20,US,PA,,42,,,iso1:us#iso2:us-pa,85678,6467,112801,820872,350,,N/A,,,N/A,null,Not Available,,390,,,,0.039,,3,0.18,1.04,0.1,,,,1,,,21,
2020-06-21,US,PA,,42,,,iso1:us#iso2:us-pa,86024,6472,113262,832595,350,,N/A,,,N/A,null,Not Available,,346,,,,0.039,,3,0.18,1.05,0.1,,,,1,,,5,
2020-06-22,US,PA,,42,,,iso1:us#iso2:us-pa,86666,6475,113946,847931,395,,N/A,,,N/A,null,Not Available,,642,,,,0.039,,3.3,0.19,1.07,0.1,,,,1,,,3,
2020-06-23,US,PA,,42,,,iso1:us#iso2:us-pa,87283,6511,114701,867129,395,,N/A,,,N/A,null,Not Available,,617,,,,0.04,,3.6,0.17,1.08,0.1,,,,1,,,36,
2020-06-24,US,PA,,42,,,iso1:us#iso2:us-pa,87775,6568,115546,889428,395,,N/A,,,N/A,null,Not Available,,492,,,,0.04,,3.8,0.16,1.09,0.1,,,,1,,,57,
2020-06-25,US,PA,,42,,,iso1:us#iso2:us-pa,88230,6602,116405,910616,500,,N/A,,,N/A,null,Not Available,,455,,,,0.04,,3.8,0.2,1.1,0.1,,,,1,,,34,
2020-06-26,US,PA,,42,,,iso1:us#iso2:us-pa,88950,6625,117177,929335,500,,N/A,,,N/A,null,Not Available,,720,,,,0.039,,4.1,0.19,1.11,0.1,,,,1,,,23,
2020-06-27,US,PA,,42,,,iso1:us#iso2:us-pa,89400,6652,117975,947437,500,,N/A,,,N/A,null,Not Available,,450,,,,0.039,,4.2,0.19,1.11,0.1,,,,1,,,27,
2020-06-28,US,PA,,42,,,iso1:us#iso2:us-pa,89785,6655,118682,965237,500,,N/A,,,N/A,null,Not Available,,385,,,,0.039,,4.2,0.19,1.12,0.1,,,,1,,,3,
2020-06-29,US,PA,,42,,,iso1:us#iso2:us-pa,90553,6663,119407,981762,500,,N/A,,,N/A,null,Not Available,,768,,,,0.039,,4.3,0.18,1.12,0.1,,,,1,,,8,
2020-06-30,US,PA,,42,,,iso1:us#iso2:us-pa,91226,6695,120410,1001962,500,,N/A,,,N/A,null,Not Available,,673,,,,0.041,,4.4,0.18,1.12,0.1,,,,1,,,32,
2020-07-01,US,PA,,42,,,iso1:us#iso2:us-pa,91864,6704,121405,1023100,500,,N/A,,,N/A,null,Not Available,,638,,,,0.042,,4.6,0.17,1.12,0.1,,,,1,,,9,
2020-07-02,US,PA,,42,,,iso1:us#iso2:us-pa,92703,6758,122459,1043733,500,,N/A,,,N/A,null,Not Available,,839,,,,0.044,,5,0.16,1.12,0.1,,,,1,,,54,
2020-07-03,US,PA,,42,,,iso1:us#iso2:us-pa,93418,6790,123463,1064865,500,,N/A,,,N/A,null,Not Available,,715,,,,0.044,,5,0.16,1.11,0.1,,,,2,,,32,
2020-07-04,US,PA,,42,,,iso1:us#iso2:us-pa,93922,6793,124287,1081385,500,,N/A,,,N/A,null,Not Available,,504,,,,0.045,,5,0.15,1.11,0.1,,,,2,,,3,
2020-07-05,US,PA,,42,,,iso1:us#iso2:us-pa,94403,6797,125073,1096409,500,,N/A,,,N/A,null,Not Available,,481,,,,0.046,,5.2,0.15,1.11,0.1,,,,2,,,4,
2020-07-06,US,PA,,42,,,iso1:us#iso2:us-pa,95187,6798,125894,1114236,500,,N/A,,,N/A,null,Not Available,,784,,,,0.047,,5.2,0.15,1.1,0.1,,,,2,,,1,
2020-07-07,US,PA,,42,,,iso1:us#iso2:us-pa,95986,6835,126922,1137180,500,,N/A,,,N/A,null,Not Available,,799,,,,0.046,,5.3,0.15,1.1,0.1,,,,2,,,37,
2020-07-08,US,PA,,42,,,iso1:us#iso2:us-pa,96817,6864,127966,1163026,500,,N/A,,,N/A,null,Not Available,,831,,,,0.045,,5.5,0.14,1.09,0.1,,,,2,,,29,
2020-07-09,US,PA,,42,,,iso1:us#iso2:us-pa,97634,6895,129033,1187948,500,,N/A,,,N/A,null,Not Available,,817,,,,0.044,,5.5,0.14,1.09,0.1,,,,2,,,31,
2020-07-10,US,PA,,42,,,iso1:us#iso2:us-pa,98574,6929,130188,1211745,500,,N/A,,,N/A,null,Not Available,,940,,,,0.044,,5.8,0.14,1.09,0.1,,,,2,,,34,
2020-07-11,US,PA,,42,,,iso1:us#iso2:us-pa,99252,6945,131092,1231118,500,,N/A,,,N/A,null,Not Available,,678,,,,0.043,,5.9,0.13,1.08,0.1,,,,2,,,16,
2020-07-12,US,PA,,42,,,iso1:us#iso2:us-pa,99794,6950,131841,1247089,500,,N/A,,,N/A,null,Not Available,,542,,,,0.043,,6,0.13,1.08,0.1,,,,2,,,5,
2020-07-13,US,PA,,42,,,iso1:us#iso2:us-pa,100378,6955,132831,1267359,500,,N/A,,,N/A,null,Not Available,,584,,,,0.043,,5.8,0.13,1.08,0.1,,,,1,,,5,
2020-07-14,US,PA,,42,,,iso1:us#iso2:us-pa,101360,6973,133904,1289481,500,,N/A,,,N/A,null,Not Available,,982,,,,0.044,,6,0.13,1.07,0.1,,,,1,,,18,
2020-07-15,US,PA,,42,,,iso1:us#iso2:us-pa,102361,7011,135220,1316806,500,,N/A,,,N/A,null,Not Available,,1001,,,,0.045,,6.2,0.13,1.07,0.1,,,,1,,,38,
2020-07-16,US,PA,,42,,,iso1:us#iso2:us-pa,103169,7039,136386,1341680,500,,N/A,,,N/A,null,Not Available,,808,,,,0.046,,6.2,0.13,1.07,0.1,,,,1,,,28,
2020-07-17,US,PA,,42,,,iso1:us#iso2:us-pa,104172,7057,137435,1364576,500,,N/A,,,N/A,null,Not Available,,1003,,,,0.045,,6.2,0.13,1.07,0.1,,,,1,,,18,
2020-07-18,US,PA,,42,,,iso1:us#iso2:us-pa,104780,7068,138569,1389709,500,,N/A,,,N/A,null,Not Available,,608,,,,0.045,,6.2,0.13,1.06,0.1,,,,1,,,11,
2020-07-19,US,PA,,42,,,iso1:us#iso2:us-pa,105384,7074,139387,1405263,500,,N/A,,,N/A,null,Not Available,,604,,,,0.046,,6.2,0.13,1.06,0.1,,,,1,,,6,
2020-07-20,US,PA,,42,,,iso1:us#iso2:us-pa,106498,7076,140181,1422140,500,,N/A,,,N/A,null,Not Available,,1114,,,,0.045,,6.8,0.11,1.05,0.1,,,,1,,,2,
2020-07-21,US,PA,,42,,,iso1:us#iso2:us-pa,107460,7094,141289,1445731,500,,N/A,,,N/A,null,Not Available,,962,,,,0.045,,6.8,0.11,1.04,0.1,,,,1,,,18,
2020-07-22,US,PA,,42,,,iso1:us#iso2:us-pa,108267,7125,142708,1473654,500,,N/A,,,N/A,null,Not Available,,807,,,,0.046,,6.6,0.12,1.04,0.1,,,,1,,,31,
2020-07-23,US,PA,,42,,,iso1:us#iso2:us-pa,109153,7142,144291,1505764,500,,N/A,,,N/A,null,Not Available,,886,,,,0.046,,6.7,0.12,1.03,0.1,,,,1,,,17,
2020-07-24,US,PA,,42,,,iso1:us#iso2:us-pa,110342,7162,145638,1533693,500,,N/A,,,N/A,null,Not Available,,1189,,,,0.046,,6.9,0.11,1.02,0.1,,,,1,,,20,
2020-07-25,US,PA,,42,,,iso1:us#iso2:us-pa,111121,7167,146999,1561025,500,,N/A,,,N/A,null,Not Available,,779,,,,0.047,,7.1,0.11,1.01,0.1,,,,1,,,5,
2020-07-26,US,PA,,42,,,iso1:us#iso2:us-pa,111773,7170,148095,1582366,500,,N/A,,,N/A,null,Not Available,,652,,,,0.047,,7.1,0.11,1.01,0.1,,,,1,,,3,
2020-07-27,US,PA,,42,,,iso1:us#iso2:us-pa,112995,7174,149142,1602865,500,,N/A,,,N/A,null,Not Available,,1222,,,,0.047,,7.2,0.11,1,0.1,,,,1,,,4,
2020-07-28,US,PA,,42,,,iso1:us#iso2:us-pa,114129,7197,150244,1626067,500,,N/A,,,N/A,null,Not Available,,1134,,,,0.047,,7.4,0.1,0.99,0.1,,,,1,,,23,
2020-07-29,US,PA,,42,,,iso1:us#iso2:us-pa,114984,7219,151548,1653317,500,,N/A,,,N/A,null,Not Available,,855,,,,0.047,,7.5,0.1,0.98,0.1,,,,1,,,22,
2020-07-30,US,PA,,42,,,iso1:us#iso2:us-pa,115853,7248,152737,1682444,649,,N/A,,,N/A,null,Not Available,,869,,,,0.046,,7.5,0.14,0.97,0.1,,,,1,,,29,
2020-07-31,US,PA,,42,,,iso1:us#iso2:us-pa,116787,7261,153834,1707323,649,,N/A,,,N/A,null,Not Available,,934,,,,0.045,,7.2,0.14,0.97,0.1,,,,1,,,13,
2020-08-01,US,PA,,42,,,iso1:us#iso2:us-pa,117468,7270,154834,1729327,649,,N/A,,,N/A,null,Not Available,,681,,,,0.044,,7.1,0.14,0.96,0.1,,,,1,,,9,
2020-08-02,US,PA,,42,,,iso1:us#iso2:us-pa,118038,7274,155724,1750412,649,,N/A,,,N/A,null,Not Available,,570,,,,0.043,,7,0.15,0.96,0.1,,,,1,,,4,
2020-08-03,US,PA,,42,,,iso1:us#iso2:us-pa,118937,7276,156614,1769801,649,,N/A,,,N/A,null,Not Available,,899,,,,0.043,,6.6,0.15,0.96,0.1,,,,1,,,2,
2020-08-04,US,PA,,42,,,iso1:us#iso2:us-pa,119765,7296,157583,1792892,649,,N/A,,,N/A,null,Not Available,,828,,,,0.042,,6.3,0.16,0.95,0.1,,,,1,,,20,
2020-08-05,US,PA,,42,,,iso1:us#iso2:us-pa,120492,7310,158585,1820727,649,,N/A,,,N/A,null,Not Available,,727,,,,0.04,,6.1,0.16,0.95,0.1,,,,1,,,14,
2020-08-06,US,PA,,42,,,iso1:us#iso2:us-pa,121294,7340,159746,1850144,649,,N/A,,,N/A,null,Not Available,,802,,,,0.04,,6.1,0.17,0.95,0.1,,,,1,,,30,
2020-08-07,US,PA,,42,,,iso1:us#iso2:us-pa,122078,7360,160967,1879058,649,,N/A,,,N/A,null,Not Available,,784,,,,0.04,,5.9,0.17,0.95,0.1,,,,1,,,20,
2020-08-08,US,PA,,42,,,iso1:us#iso2:us-pa,122666,7372,162032,1905336,649,,N/A,,,N/A,null,Not Available,,588,,,,0.039,,5.8,0.17,0.95,0.1,,,,1,,,12,
2020-08-09,US,PA,,42,,,iso1:us#iso2:us-pa,123312,7374,163056,1927643,649,,N/A,,,N/A,null,Not Available,,646,,,,0.04,,5.9,0.17,0.95,0.1,,,,1,,,2,
2020-08-10,US,PA,,42,,,iso1:us#iso2:us-pa,124269,7378,164002,1951026,649,,N/A,,,N/A,null,Not Available,,957,,,,0.039,,5.9,0.17,0.95,0.1,,,,1,,,4,
2020-08-11,US,PA,,42,,,iso1:us#iso2:us-pa,125061,7404,165240,1978626,654,,N/A,,,N/A,null,Not Available,,792,,,,0.04,,5.9,0.17,0.95,0.1,,,,1,,,26,
2020-08-12,US,PA,,42,,,iso1:us#iso2:us-pa,125965,7447,166557,2010353,654,,N/A,,,N/A,null,Not Available,,904,,,,0.04,,6.1,0.17,0.95,0.1,,,,1,,,43,
2020-08-13,US,PA,,42,,,iso1:us#iso2:us-pa,126950,7474,167534,2039946,654,,N/A,,,N/A,null,Not Available,,985,,,,0.039,,6.3,0.16,0.95,0.1,,,,1,,,27,
2020-08-14,US,PA,,42,,,iso1:us#iso2:us-pa,127774,7513,168667,2067480,654,,N/A,,,N/A,null,Not Available,,824,,,,0.039,,6.4,0.16,0.95,0.1,,,,1,,,39,
2020-08-15,US,PA,,42,,,iso1:us#iso2:us-pa,128531,7525,169378,2088891,654,,N/A,,,N/A,null,Not Available,,757,,,,0.038,,6.5,0.16,0.95,0.1,,,,1,,,12,
2020-08-16,US,PA,,42,,,iso1:us#iso2:us-pa,129075,7532,170038,2107158,654,,N/A,,,N/A,null,Not Available,,544,,,,0.037,,6.4,0.16,0.95,0.1,,,,1,,,7,
2020-08-17,US,PA,,42,,,iso1:us#iso2:us-pa,129686,7535,170802,2126796,654,,N/A,,,N/A,null,Not Available,,611,,,,0.037,,6,0.17,0.95,0.1,,,,1,,,3,
2020-08-18,US,PA,,42,,,iso1:us#iso2:us-pa,130286,7561,171748,2150817,654,,N/A,,,N/A,null,Not Available,,600,,,,0.036,,5.8,0.18,0.95,0.1,,,,1,,,26,
2020-08-19,US,PA,,42,,,iso1:us#iso2:us-pa,130950,7593,172674,2178995,654,,N/A,,,N/A,null,Not Available,,664,,,,0.035,,5.6,0.18,0.96,0.1,,,,1,,,32,
2020-08-20,US,PA,,42,,,iso1:us#iso2:us-pa,131736,7606,173648,2208849,654,,N/A,,,N/A,null,Not Available,,786,,,,0.035,,5.3,0.19,0.96,0.1,,,,1,,,13,
2020-08-21,US,PA,,42,,,iso1:us#iso2:us-pa,132461,7629,174508,2237167,654,,N/A,,,N/A,null,Not Available,,725,,,,0.033,,5.2,0.2,0.97,0.1,,,,1,,,23,
2020-08-22,US,PA,,42,,,iso1:us#iso2:us-pa,133160,7643,175321,2262260,654,,N/A,,,N/A,null,Not Available,,699,,,,0.033,,5.2,0.2,0.97,0.1,,,,1,,,14,
2020-08-23,US,PA,,42,,,iso1:us#iso2:us-pa,133679,7643,175900,2279714,654,,N/A,,,N/A,null,Not Available,,519,,,,0.033,,5.1,0.2,0.98,0.1,,,,1,,,0,
2020-08-24,US,PA,,42,,,iso1:us#iso2:us-pa,134246,7642,176576,2298196,654,,N/A,,,N/A,null,Not Available,,567,,,,0.033,,5.1,0.2,0.99,0.1,,,,1,,,0,
2020-08-25,US,PA,,42,,,iso1:us#iso2:us-pa,134803,7666,177331,2322912,654,,N/A,,,N/A,null,Not Available,,557,,,,0.031,,5,0.2,1,0.1,,,,1,,,24,
2020-08-26,US,PA,,42,,,iso1:us#iso2:us-pa,135323,7691,178426,2354755,654,,N/A,,,N/A,null,Not Available,,520,,,,0.032,,4.9,0.21,1.01,0.1,,,,1,,,25,
2020-08-27,US,PA,,42,,,iso1:us#iso2:us-pa,135958,7702,179453,2387755,654,,N/A,,,N/A,null,Not Available,,635,,,,0.031,,4.7,0.22,1.02,0.1,,,,1,,,11,
2020-08-28,US,PA,,42,,,iso1:us#iso2:us-pa,136824,7722,180507,2416916,654,,N/A,,,N/A,null,Not Available,,866,,,,0.032,,4.9,0.21,1.02,0.1,,,,1,,,20,
2020-08-29,US,PA,,42,,,iso1:us#iso2:us-pa,137576,7740,181449,2441583,654,,N/A,,,N/A,null,Not Available,,752,,,,0.033,,4.9,0.21,1.03,0.1,,,,1,,,18,
2020-08-30,US,PA,,42,,,iso1:us#iso2:us-pa,138137,7742,182130,2460662,654,,N/A,,,N/A,null,Not Available,,561,,,,0.033,,5,0.21,1.04,0.1,,,,1,,,2,
2020-08-31,US,PA,,42,,,iso1:us#iso2:us-pa,138840,7743,183010,2477456,654,,N/A,,,N/A,null,Not Available,,703,,,,0.035,,5.1,0.2,1.04,0.1,,,,1,,,1,
2020-09-01,US,PA,,42,,,iso1:us#iso2:us-pa,139591,7764,184268,2504518,654,,23634,1210,,3376,2551,188,,751,,,,0.037,,5.3,0.19,1.04,0.1,0.19,,0.76,1,,,21,
2020-09-02,US,PA,,42,,,iso1:us#iso2:us-pa,140577,7792,185612,2533183,654,,23994,1153,,3415,2553,169,,986,,,,0.039,,5.9,0.17,1.05,0.1,0.16,,0.75,1,,,28,
2020-09-03,US,PA,,42,,,iso1:us#iso2:us-pa,141578,7805,186831,2562397,654,,23726,1129,,3437,2755,155,,1001,,,,0.041,,6.3,0.16,1.05,0.1,0.19,,0.8,1,,,13,
2020-09-04,US,PA,,42,,,iso1:us#iso2:us-pa,142537,7821,187932,2589190,654,,23324,1095,,3488,2807,151,,959,,,,0.041,,6.4,0.16,1.05,0.1,0.18,,0.8,1,,,16,
2020-09-05,US,PA,,42,,,iso1:us#iso2:us-pa,143301,7837,188902,2615227,654,,22441,1041,,3439,2736,140,,764,,,,0.041,,6.4,0.16,1.04,0.1,0.17,,0.8,1,,,16,
2020-09-06,US,PA,,42,,,iso1:us#iso2:us-pa,143902,7837,189732,2635798,654,,21432,985,,3432,2637,135,,601,,,,0.042,,6.4,0.16,1.04,0.1,0.15,,0.77,1,,,0,
2020-09-07,US,PA,,42,,,iso1:us#iso2:us-pa,144658,7855,190453,2650207,654,,21074,1001,,3421,2580,139,,756,,,,0.041,,6.5,0.16,1.04,0.1,0.14,,0.75,1,,,18,
2020-09-08,US,PA,,42,,,iso1:us#iso2:us-pa,145191,7862,191173,2665072,654,,22200,1073,,3465,2672,158,,533,,,,0.041,,6.2,0.16,1.04,0.1,0.17,,0.77,1,,,7,
2020-09-09,US,PA,,42,,,iso1:us#iso2:us-pa,146058,7882,192257,2689753,654,,23276,1120,,3473,2797,149,,867,,,,0.041,,6.1,0.17,1.03,0.1,0.18,,0.81,1,,,20,
2020-09-10,US,PA,,42,,,iso1:us#iso2:us-pa,146735,7894,193451,2720688,654,,23835,1061,,3444,2853,151,,677,,,,0.04,,5.8,0.18,1.03,0.1,0.2,,0.83,1,,,12,
2020-09-11,US,PA,,42,,,iso1:us#iso2:us-pa,147744,7914,194502,2751460,654,,23889,1055,,3433,2867,150,,1009,,,,0.039,,5.8,0.18,1.03,0.1,0.21,,0.84,1,,,20,
2020-09-12,US,PA,,42,,,iso1:us#iso2:us-pa,148635,7915,195542,2781330,654,,23369,1046,,3441,2767,148,,891,,,,0.038,,6,0.17,1.02,0.1,0.18,,0.8,1,,,1,
2020-09-13,US,PA,,42,,,iso1:us#iso2:us-pa,148635,7915,196490,2807323,654,,22059,961,,3430,2699,142,,0,,,,0.038,,5.3,0.19,1.02,0.1,0.16,,0.79,1,,,0,
2020-09-14,US,PA,,42,,,iso1:us#iso2:us-pa,150044,7940,197344,2828536,654,,22928,1053,,3413,2654,144,,1409,,,,0.037,,6,0.17,1.02,0.1,0.16,,0.78,1,,,25,
2020-09-15,US,PA,,42,,,iso1:us#iso2:us-pa,151081,7945,198361,2852933,654,,24235,1125,,3464,2855,144,,1037,,,,0.037,,6.6,0.16,1.02,0.1,0.19,,0.82,1,,,5,
2020-09-16,US,PA,,42,,,iso1:us#iso2:us-pa,151889,7963,199466,2885240,654,,24360,1099,,3479,2841,130,,808,,,,0.036,,6.5,0.16,1.02,0.1,0.17,,0.82,1,,,18,
2020-09-17,US,PA,,42,,,iso1:us#iso2:us-pa,152813,7978,200442,2916428,654,,24095,989,,3472,2781,131,,924,,,,0.034,,6.8,0.15,1.02,0.1,0.16,,0.8,1,,,15,
2020-09-18,US,PA,,42,,,iso1:us#iso2:us-pa,153560,8006,201601,2951335,654,,24174,979,,3279,2597,124,,747,,,,0.034,,6.5,0.16,1.02,0.1,0.15,,0.79,1,,,28,
2020-09-19,US,PA,,42,,,iso1:us#iso2:us-pa,154261,8028,202537,2983492,654,,23532,865,,3348,2669,125,,701,,,,0.033,,6.3,0.16,1.03,0.1,0.16,,0.8,1,,,22,
2020-09-20,US,PA,,42,,,iso1:us#iso2:us-pa,154924,8049,203207,3005688,654,,22780,832,,3354,2620,126,,663,,,,0.033,,7,0.15,1.03,0.1,0.15,,0.78,1,,,21,
2020-09-21,US,PA,,42,,,iso1:us#iso2:us-pa,155729,8080,203907,3023921,654,,23258,938,,3359,2689,127,,805,,,,0.032,,6.3,0.16,1.03,0.1,0.16,,0.8,1,,,31,
2020-09-22,US,PA,,42,,,iso1:us#iso2:us-pa,156512,8099,204904,3051632,654,,24681,993,,3376,2787,129,,783,,,,0.032,,6.1,0.17,1.04,0.1,0.18,,0.83,1,,,19,
2020-09-23,US,PA,,42,,,iso1:us#iso2:us-pa,157373,8137,206111,3087315,654,,25012,1025,,3396,2829,135,,861,,,,0.032,,6.1,0.17,1.05,0.1,0.19,,0.83,1,,,38,
2020-09-24,US,PA,,42,,,iso1:us#iso2:us-pa,158221,8150,207385,3124771,1508,,25165,1028,,3406,2839,140,,848,,,,0.032,,6,0.39,1.05,0.1,0.2,,0.83,1,,,13,
2020-09-25,US,PA,,42,,,iso1:us#iso2:us-pa,159051,8157,208612,3160298,1508,,25108,1006,,3390,2885,142,,830,,,,0.032,,6.1,0.38,1.06,0.1,0.22,,0.85,1,,,7,
2020-09-26,US,PA,,42,,,iso1:us#iso2:us-pa,159937,8177,209695,3189710,1508,,24127,898,,3422,2774,144,,886,,,,0.034,,6.3,0.37,1.07,0.1,0.18,,0.81,1,,,20,
2020-09-27,US,PA,,42,,,iso1:us#iso2:us-pa,160770,8180,210627,3212137,1508,,23162,884,,3395,2665,161,,833,,,,0.035,,6.5,0.36,1.08,0.1,0.18,,0.78,1,,,3,
2020-09-28,US,PA,,42,,,iso1:us#iso2:us-pa,161642,8181,211502,3230604,1508,,23849,947,,3432,2718,176,,872,,,,0.035,,6.6,0.36,1.09,0.1,0.2,,0.79,1,,,1,
2020-09-29,US,PA,,42,,,iso1:us#iso2:us-pa,163219,8196,212694,3257423,1508,,25114,1116,,3433,2870,172,,,,,,0.036,,,,1.1,0.1,0.23,,0.84,1,,,15,
2020-09-30,US,PA,,42,,,iso1:us#iso2:us-pa,164135,8216,214070,3292483,1508,,25378,1076,,3388,2895,162,,916,,,,0.037,,6.8,0.35,1.11,0.1,0.25,,0.85,1,,,20,
2020-10-01,US,PA,,42,,,iso1:us#iso2:us-pa,165078,8234,215547,3330917,1508,,25446,1076,,3461,2870,166,,943,,,,0.038,,6.9,0.34,1.11,0.1,0.22,,0.83,1,,,18,
2020-10-02,US,PA,,42,,,iso1:us#iso2:us-pa,166270,8254,216971,3368963,1508,,25126,1100,,3436,2860,160,,1192,,,,0.039,,7.3,0.32,1.12,0.1,0.22,,0.83,1,,,20,
2020-10-03,US,PA,,42,,,iso1:us#iso2:us-pa,166270,8271,218128,3398766,1508,,24238,1098,,3406,2776,154,,0,,,,0.039,,6.2,0.38,1.13,0.1,0.2,,0.82,1,,,17,
2020-10-04,US,PA,,42,,,iso1:us#iso2:us-pa,168161,8287,219020,3420125,1508,,22836,1008,,3218,2537,154,,1891,,,,0.039,,7.6,0.31,1.13,0.1,0.18,,0.79,1,,,16,
2020-10-05,US,PA,,42,,,iso1:us#iso2:us-pa,169126,8300,220068,3441835,1508,,23363,1052,,3219,2540,164,,965,,,,0.039,,7.7,0.31,1.14,0.1,0.19,,0.79,1,,,13,
2020-10-06,US,PA,,42,,,iso1:us#iso2:us-pa,170255,8318,221416,3474549,1508,,24681,1117,,3244,2672,179,,1129,,,,0.039,,7.9,0.3,1.14,0.1,0.24,,0.82,1,,,18,
2020-10-07,US,PA,,42,,,iso1:us#iso2:us-pa,171550,8347,223056,3515649,1508,,24960,1195,,3252,2748,173,,1295,,,,0.039,,8.3,0.28,1.14,0.1,0.26,,0.85,2,,,29,
2020-10-08,US,PA,,42,,,iso1:us#iso2:us-pa,172971,8372,224791,3559149,1508,,25344,1231,,3291,2768,189,,1421,,,,0.039,,8.8,0.27,1.14,0.1,0.27,,0.84,2,,,25,
2020-10-09,US,PA,,42,,,iso1:us#iso2:us-pa,174352,8387,226622,3599795,1508,,25218,1276,,3384,2834,195,,1381,,,,0.04,,9,0.26,1.14,0.1,0.26,,0.84,2,,,15,
2020-10-10,US,PA,,42,,,iso1:us#iso2:us-pa,175804,8421,228112,3635573,1508,,24350,1142,,3252,2688,209,,1452,,,,0.04,,10.6,0.22,1.14,0.1,0.27,,0.83,2,,,34,
2020-10-11,US,PA,,42,,,iso1:us#iso2:us-pa,176820,8426,229440,3662719,1508,,23814,1162,,3267,2598,202,,1016,,,,0.041,,9.7,0.24,1.14,0.1,0.23,,0.8,2,,,5,
2020-10-12,US,PA,,42,,,iso1:us#iso2:us-pa,177844,8444,230428,3681090,1508,,23289,1179,,3301,2618,208,,1024,,,,0.042,,9.7,0.24,1.14,0.1,0.23,,0.79,2,,,18,
2020-10-13,US,PA,,42,,,iso1:us#iso2:us-pa,179673,8458,231763,3712286,1508,,24575,1283,,3320,2732,233,,1829,,,,0.042,,10.5,0.22,1.14,0.1,0.28,,0.82,2,,,14,
2020-10-14,US,PA,,42,,,iso1:us#iso2:us-pa,180956,8481,233637,3753237,1508,,25029,1257,,3322,2773,225,,1283,,,,0.043,,10.5,0.22,1.14,0.1,0.29,,0.83,2,,,23,
2020-10-15,US,PA,,42,,,iso1:us#iso2:us-pa,182502,8496,235659,3797667,1508,,25222,1270,,3316,2745,236,,1546,,,,0.044,,10.6,0.22,1.14,0.1,0.29,,0.83,2,,,15,
2020-10-16,US,PA,,42,,,iso1:us#iso2:us-pa,184185,8524,237555,3838028,1508,,26604,1334,,3502,2956,252,,1683,,,,0.044,,11,0.21,1.14,0.1,0.32,,0.84,2,,,28,
2020-10-17,US,PA,,42,,,iso1:us#iso2:us-pa,185670,8535,239389,3872873,1508,,26573,1396,,3629,2986,264,,1485,,,,0.045,,11,0.21,1.14,0.1,0.29,,0.82,2,,,11,
2020-10-18,US,PA,,42,,,iso1:us#iso2:us-pa,186772,8555,240745,3897964,1508,,25752,1355,,3595,2922,278,,1102,,,,0.046,,11.1,0.21,1.14,0.1,0.29,,0.81,2,,,20,
2020-10-19,US,PA,,42,,,iso1:us#iso2:us-pa,188442,8562,241835,3914424,1508,,25451,1360,,3671,2912,283,,1670,,,,0.047,,11.8,0.2,1.14,0.1,0.27,,0.79,2,,,7,
2020-10-20,US,PA,,42,,,iso1:us#iso2:us-pa,189988,8591,243781,3946698,1508,,26394,1450,,3660,2973,287,,1546,,,,0.049,,11.5,0.2,1.14,0.1,0.29,,0.81,2,,,29,
2020-10-21,US,PA,,42,,,iso1:us#iso2:us-pa,191347,8629,245922,3986439,1508,,27835,1487,,3751,3069,296,,1359,,,,0.05,,11.6,0.2,1.15,0.1,0.3,,0.82,2,,,38,
2020-10-22,US,PA,,42,,,iso1:us#iso2:us-pa,193401,8660,248456,4033133,1508,,27928,1564,,3732,3033,291,,2054,,,,0.052,,12.2,0.19,1.15,0.1,0.29,,0.81,2,,,31,
2020-10-23,US,PA,,42,,,iso1:us#iso2:us-pa,195659,8695,250935,4081270,1508,,27725,1569,,3711,3063,318,,2258,,,,0.052,,12.8,0.18,1.15,0.1,0.33,,0.83,2,,,35,
2020-10-24,US,PA,,42,,,iso1:us#iso2:us-pa,197370,8721,253261,4117806,1508,,26814,1645,,3684,2992,340,,1711,,,,0.054,,13.1,0.18,1.16,0.1,0.33,,0.81,2,,,26,
2020-10-25,US,PA,,42,,,iso1:us#iso2:us-pa,198756,8730,255395,4147076,1508,,26173,1621,,3649,2921,337,,1386,,,,0.056,,13.4,0.18,1.16,0.1,0.32,,0.8,2,,,9,
2020-10-26,US,PA,,42,,,iso1:us#iso2:us-pa,201248,8737,257510,4172656,1508,,24015,1644,,3769,2832,346,,2492,,,,0.057,,14.3,0.16,1.17,0.1,0.27,,0.75,2,,,7,
2020-10-27,US,PA,,42,,,iso1:us#iso2:us-pa,203520,8760,260133,4207351,1508,,25051,1791,,3818,2965,369,,2272,,,,0.059,,15.1,0.16,1.18,0.1,0.3,,0.78,2,,,23,
2020-10-28,US,PA,,42,,,iso1:us#iso2:us-pa,205852,8789,262852,4254413,1508,,27612,1846,,3795,3037,364,,2332,,,,0.059,,16.2,0.15,1.18,0.1,0.32,,0.8,2,,,29,
2020-10-29,US,PA,,42,,,iso1:us#iso2:us-pa,208087,8828,265944,4303209,1508,,27754,1796,,3810,3028,373,,2235,,,,0.061,,16.4,0.14,1.19,0.1,0.32,,0.79,2,,,39,
2020-10-30,US,PA,,42,,,iso1:us#iso2:us-pa,210586,8860,268557,4346236,1508,,27825,1799,,3825,3033,360,,2499,,,,0.062,,16.7,0.14,1.2,0.1,0.31,,0.79,2,,,32,
2020-10-31,US,PA,,42,,,iso1:us#iso2:us-pa,212816,8883,271293,4384565,1508,,26707,1805,,3809,2925,375,,2230,,,,0.063,,17.2,0.14,1.2,0.1,0.3,,0.77,2,,,23,
2020-11-01,US,PA,,42,,,iso1:us#iso2:us-pa,214500,8888,273774,4414837,1508,,25998,1784,,3801,2855,389,,1684,,,,0.064,,17.6,0.13,1.21,0.1,0.29,,0.75,2,,,5,
2020-11-02,US,PA,,42,,,iso1:us#iso2:us-pa,217243,8893,276416,4442814,1508,,24261,1931,,3815,2862,434,,2743,,,,0.065,,17.8,0.13,1.22,0.1,0.31,,0.75,2,,,5,
2020-11-03,US,PA,,42,,,iso1:us#iso2:us-pa,220111,8926,279511,4480594,1508,,24674,2053,,3814,3008,429,,2868,,,,0.066,,18.5,0.13,1.23,0.1,0.35,,0.79,2,,,33,
2020-11-04,US,PA,,42,,,iso1:us#iso2:us-pa,222883,8967,283199,4530219,1508,,27145,2177,,3797,3028,476,,2772,,,,0.069,,19,0.12,1.23,0.1,0.38,,0.8,2,,,41,
2020-11-05,US,PA,,42,,,iso1:us#iso2:us-pa,225698,9009,287450,4582022,1508,,28306,2254,,3859,3113,469,,2815,,,,0.072,,19.7,0.12,1.24,0.1,0.39,,0.81,2,,,42,
2020-11-06,US,PA,,42,,,iso1:us#iso2:us-pa,229346,9052,291536,4631364,1508,,28219,2312,,3865,3085,474,,3648,,,,0.075,,20.9,0.11,1.24,0.1,0.38,,0.8,2,,,43,
2020-11-07,US,PA,,42,,,iso1:us#iso2:us-pa,232582,9089,295858,4680413,1508,,27660,2434,,3857,3009,496,,3236,,,,0.077,,22.1,0.11,1.25,0.1,0.37,,0.78,2,,,37,
2020-11-08,US,PA,,42,,,iso1:us#iso2:us-pa,235162,9093,299527,4712132,1508,,26938,2457,,3858,3003,514,,2580,,,,0.08,,23.1,0.1,1.25,0.1,0.38,,0.78,2,,,4,
2020-11-09,US,PA,,42,,,iso1:us#iso2:us-pa,239724,9098,303624,4741808,1508,,24771,2635,,3836,2991,550,,4562,,,,0.083,,25.1,0.09,1.25,0.1,0.39,,0.78,3,,,5,
2020-11-10,US,PA,,42,,,iso1:us#iso2:us-pa,244046,9156,309226,4786721,1508,,26622,2826,,3834,3190,569,,4322,,,,0.088,,26.7,0.09,1.25,0.1,0.47,,0.83,3,,,58,
2020-11-11,US,PA,,42,,,iso1:us#iso2:us-pa,248144,9217,315459,4840380,1508,,28402,3033,,3860,3191,595,,4098,,,,0.094,,28.2,0.08,1.24,0.1,0.47,,0.83,3,,,61,
2020-11-12,US,PA,,42,,,iso1:us#iso2:us-pa,254167,9272,321946,4898126,1508,,29127,3067,,3887,3167,624,,6023,,,,0.098,,31.8,0.07,1.24,0.1,0.46,,0.81,3,,,55,
2020-11-13,US,PA,,42,,,iso1:us#iso2:us-pa,260001,9306,329095,4956915,1508,,28737,3232,,3871,3132,657,,5834,,,,0.103,,34.2,0.07,1.23,0.1,0.47,,0.81,3,,,34,
2020-11-14,US,PA,,42,,,iso1:us#iso2:us-pa,264396,9353,335541,5008294,1508,,27936,3310,,3884,3090,693,,4395,,,,0.108,,35.5,0.07,1.22,0.1,0.47,,0.8,3,,,47,
2020-11-15,US,PA,,42,,,iso1:us#iso2:us-pa,269043,9385,341272,5052818,1508,,26712,3426,,3855,3039,750,,4647,,,,0.109,,37.8,0.06,1.21,0.1,0.48,,0.79,3,,,32,
2020-11-16,US,PA,,42,,,iso1:us#iso2:us-pa,275257,9399,346467,5088011,1508,,25317,3628,,3859,3060,787,,6214,,,,0.11,,39.7,0.06,1.2,0.1,0.5,,0.79,3,,,14,
2020-11-17,US,PA,,42,,,iso1:us#iso2:us-pa,280978,9433,353874,5143861,1508,,25361,3802,,3829,3106,797,,5721,,,,0.111,,41.2,0.06,1.19,0.1,0.52,,0.81,3,,,34,
2020-11-18,US,PA,,42,,,iso1:us#iso2:us-pa,287464,9541,362144,5205019,1508,,28927,4094,,3882,3212,832,,6486,,,,0.113,,43.9,0.05,1.18,0.1,0.55,,0.83,3,,,108,
2020-11-19,US,PA,,42,,,iso1:us#iso2:us-pa,294345,9643,369902,5269575,1508,,28728,4235,,3874,3212,877,,6881,,,,0.114,,44.8,0.05,1.17,0.1,0.57,,0.83,3,,,102,
2020-11-20,US,PA,,42,,,iso1:us#iso2:us-pa,301373,9748,377437,5337555,1508,,28311,4456,,3897,3213,914,,7028,,,,0.113,,46.2,0.05,1.16,0.1,0.57,,0.82,3,,,105,
2020-11-21,US,PA,,42,,,iso1:us#iso2:us-pa,307247,9862,385082,5398136,1508,,27451,4522,,3907,3168,937,,5874,,,,0.113,,47.8,0.05,1.15,0.1,0.56,,0.81,3,,,114,
2020-11-22,US,PA,,42,,,iso1:us#iso2:us-pa,313788,9901,391657,5448403,1508,,26822,4690,,3889,3096,949,,6541,,,,0.113,,49.9,0.05,1.15,0.1,0.54,,0.8,3,,,39,
2020-11-23,US,PA,,42,,,iso1:us#iso2:us-pa,320250,9932,398721,5494126,1508,,24288,4705,,3894,3104,1012,,6462,,,,0.114,,50.2,0.05,1.14,0.1,0.56,,0.8,3,,,31,
2020-11-24,US,PA,,42,,,iso1:us#iso2:us-pa,326615,10014,407022,5547275,1508,,25396,5003,,3924,3248,1030,,6365,,,,0.116,,50.9,0.05,1.14,0.1,0.6,,0.83,3,,,82,
2020-11-25,US,PA,,42,,,iso1:us#iso2:us-pa,333571,10162,416757,5614587,1508,,28145,5138,,3942,3247,1055,,6956,,,,0.118,,51.5,0.05,1.13,0.1,0.6,,0.82,3,,,148,
2020-11-26,US,PA,,42,,,iso1:us#iso2:us-pa,340998,10271,423943,5666029,1508,,26856,5081,,3890,3148,1044,,7427,,,,0.12,,52.1,0.05,1.13,0.1,0.58,,0.81,3,,,109,
2020-11-27,US,PA,,42,,,iso1:us#iso2:us-pa,349360,10295,431854,5724546,1508,,26505,5198,,3888,3113,1083,,8362,,,,0.123,,53.5,0.04,1.13,0.1,0.58,,0.8,3,,,24,
2020-11-28,US,PA,,42,,,iso1:us#iso2:us-pa,356243,10337,439294,5770889,1508,,26718,5423,,3889,3148,1097,,6883,,,,0.127,,54.7,0.04,1.13,0.1,0.6,,0.81,3,,,42,
2020-11-29,US,PA,,42,,,iso1:us#iso2:us-pa,361387,10406,445896,5812841,1508,,26993,5625,,3913,3161,1138,,5144,,,,0.13,,53.1,0.04,1.13,0.1,0.6,,0.81,3,,,69,
2020-11-30,US,PA,,42,,,iso1:us#iso2:us-pa,366971,10439,453609,5851499,1508,,24527,5685,,3921,3240,1169,,5584,,,,0.133,,52.1,0.05,1.13,0.1,0.63,,0.83,3,,,33,
2020-12-01,US,PA,,42,,,iso1:us#iso2:us-pa,372688,10614,464643,5907567,1508,,24997,5813,,3874,3237,1180,,5717,,,,0.138,,51.4,0.05,1.13,0.1,0.65,,0.84,3,,,175,
2020-12-02,US,PA,,42,,,iso1:us#iso2:us-pa,381342,10803,476991,5973690,1508,,29019,6326,,4005,3380,1232,,8654,,,,0.144,,53.3,0.04,1.13,0.1,0.66,,0.84,3,,,189,
2020-12-03,US,PA,,42,,,iso1:us#iso2:us-pa,392610,11008,489170,6042213,1508,,29082,6331,,4038,3402,1220,,11268,,,,0.148,,57.6,0.04,1.12,0.1,0.66,,0.84,3,,,205,
2020-12-04,US,PA,,42,,,iso1:us#iso2:us-pa,404699,11189,500280,6108348,1508,,28872,6307,,4045,3368,1218,,12089,,,,0.151,,61.8,0.04,1.12,0.1,0.64,,0.83,3,,,181,
2020-12-05,US,PA,,42,,,iso1:us#iso2:us-pa,416073,11331,509820,6163605,1508,,28554,6396,,4088,3364,1226,,11374,,,,0.152,,66.8,0.04,1.11,0.1,0.63,,0.82,3,,,142,
2020-12-06,US,PA,,42,,,iso1:us#iso2:us-pa,423828,11389,518960,6211838,1508,,28000,6448,,4082,3253,1225,,7755,,,,0.155,,69.7,0.03,1.1,0.1,0.6,,0.8,3,,,58,
2020-12-07,US,PA,,42,,,iso1:us#iso2:us-pa,432410,11431,527835,6256579,1508,,25206,6450,,4087,3283,1237,,8582,,,,0.155,,73,0.03,1.09,0.1,0.61,,0.8,3,,,42,
2020-12-08,US,PA,,42,,,iso1:us#iso2:us-pa,442528,11592,539799,6314995,1508,,26417,6684,,3965,3327,1309,,10118,,,,0.156,,77.9,0.03,1.08,0.1,0.67,,0.84,5,,,161,
2020-12-09,US,PA,,42,,,iso1:us#iso2:us-pa,451154,11839,553690,6383371,1508,,29858,7108,,4036,3352,1362,,8626,,,,0.158,,77.9,0.03,1.07,0.1,0.67,,0.83,5,,,247,
2020-12-10,US,PA,,42,,,iso1:us#iso2:us-pa,463175,12066,566821,6462198,1508,,29686,7150,,4075,3333,1389,,12021,,,,0.156,,78.7,0.03,1.05,0.1,0.65,,0.82,5,,,227,
2020-09-25,US,PA,,42,,,iso1:us#iso2:us-pa,159051,8157,208612,3160298,1508,,25108,1006,,3390,2885,142,,830,,,,0.032,,6.1,0.38,1.06,0.1,0.22,,0.85,1,,,7,
2020-09-26,US,PA,,42,,,iso1:us#iso2:us-pa,159937,8177,209695,3189710,1508,,24127,898,,3422,2774,144,,886,,,,0.034,,6.3,0.37,1.07,0.1,0.18,,0.81,1,,,20,
2020-09-27,US,PA,,42,,,iso1:us#iso2:us-pa,160770,8180,210627,3212137,1508,,23162,884,,3395,2665,161,,833,,,,0.035,,6.5,0.36,1.08,0.1,0.18,,0.78,1,,,3,
2020-09-28,US,PA,,42,,,iso1:us#iso2:us-pa,161642,8181,211502,3230604,1508,,23849,947,,3432,2718,176,,872,,,,0.035,,6.6,0.36,1.09,0.1,0.2,,0.79,1,,,1,
2020-09-29,US,PA,,42,,,iso1:us#iso2:us-pa,163219,8196,212694,3257423,1508,,25114,1116,,3433,2870,172,,,,,,0.036,,,,1.1,0.1,0.23,,0.84,1,,,15,
2020-09-30,US,PA,,42,,,iso1:us#iso2:us-pa,164135,8216,214070,3292483,1508,,25378,1076,,3388,2895,162,,916,,,,0.037,,6.8,0.35,1.11,0.1,0.25,,0.85,1,,,20,
2020-10-01,US,PA,,42,,,iso1:us#iso2:us-pa,165078,8234,215547,3330917,1508,,25446,1076,,3461,2870,166,,943,,,,0.038,,6.9,0.34,1.11,0.1,0.22,,0.83,1,,,18,
2020-10-02,US,PA,,42,,,iso1:us#iso2:us-pa,166270,8254,216971,3368963,1508,,25126,1100,,3436,2860,160,,1192,,,,0.039,,7.3,0.32,1.12,0.1,0.22,,0.83,1,,,20,
2020-10-03,US,PA,,42,,,iso1:us#iso2:us-pa,166270,8271,218128,3398766,1508,,24238,1098,,3406,2776,154,,0,,,,0.039,,6.2,0.38,1.13,0.1,0.2,,0.82,1,,,17,
2020-10-04,US,PA,,42,,,iso1:us#iso2:us-pa,168161,8287,219020,3420125,1508,,22836,1008,,3218,2537,154,,1891,,,,0.039,,7.6,0.31,1.13,0.1,0.18,,0.79,1,,,16,
2020-12-11,US,PA,,42,,,iso1:us#iso2:us-pa,475844,12298,577695,6529057,1508,,29541,7157,,4073,3353,1359,,12669,,,,0.155,,79.4,0.03,1.04,0.1,0.65,,0.82,5,,,232,
2020-12-12,US,PA,,42,,,iso1:us#iso2:us-pa,485901,12489,588381,6589697,1508,,28705,6970,,4039,3271,1336,,10057,,,,0.156,,77.9,0.03,1.02,0.1,0.63,,0.81,5,,,191,
2020-12-13,US,PA,,42,,,iso1:us#iso2:us-pa,495906,12613,596885,6638286,1508,,28248,7098,,4046,3277,1374,,10005,,,,0.154,,80.4,0.03,1.01,0.1,0.64,,0.81,5,,,124,
2020-12-14,US,PA,,42,,,iso1:us#iso2:us-pa,505422,12668,605659,6683017,1508,,25425,6945,,4004,3258,1369,,9516,,,,0.154,,81.5,0.03,0.99,0.1,0.65,,0.81,5,,,55,
2020-12-15,US,PA,,42,,,iso1:us#iso2:us-pa,515009,12930,616655,6742573,1508,,26281,7163,,4029,3344,1355,,9587,,,,0.152,,80.9,0.03,0.98,0.1,0.66,,0.83,5,,,262,
2020-12-16,US,PA,,42,,,iso1:us#iso2:us-pa,525199,13200,626837,6808402,1508,,29431,7320,,4189,3369,1352,,10190,,,,0.147,,82.6,0.03,0.96,0.1,0.62,,0.8,5,,,270,
2020-12-17,US,PA,,42,,,iso1:us#iso2:us-pa,535231,13442,636165,6862575,1508,,28867,7171,,4125,3268,1317,,10032,,,,0.148,,80.4,0.03,0.95,0.1,0.61,,0.79,5,,,242,
2020-12-18,US,PA,,42,,,iso1:us#iso2:us-pa,544417,13664,645606,6917691,1508,,28290,7069,,4098,3258,1326,,9186,,,,0.149,,76.5,0.03,0.94,0.1,0.61,,0.8,5,,,222,
2020-12-19,US,PA,,42,,,iso1:us#iso2:us-pa,553424,13869,654735,6973206,1508,,27575,6844,,4069,3217,1324,,9007,,,,0.147,,75.3,0.03,0.93,0.1,0.61,,0.79,5,,,205,
2020-12-20,US,PA,,42,,,iso1:us#iso2:us-pa,560002,13964,661880,7016383,1508,,27217,6847,,4088,3199,1339,,6578,,,,0.147,,71.5,0.03,0.93,0.1,0.6,,0.78,3,,,95,
2020-12-21,US,PA,,42,,,iso1:us#iso2:us-pa,569413,14021,670453,7057554,1508,,25225,6863,,3939,3200,1312,,9411,,,,0.147,,71.4,0.03,0.92,0.1,0.64,,0.81,3,,,57,
2020-12-22,US,PA,,42,,,iso1:us#iso2:us-pa,577183,14244,678844,7110586,1508,,26060,7092,,3995,3311,1367,,7770,,,,0.145,,69.4,0.03,0.92,0.1,0.67,,0.83,3,,,223,
2020-12-23,US,PA,,42,,,iso1:us#iso2:us-pa,586908,14470,687946,7175122,1508,,28094,7162,,4138,3294,1359,,9725,,,,0.143,,68.9,0.03,0.92,0.1,0.62,,0.8,3,,,226,
2020-12-24,US,PA,,42,,,iso1:us#iso2:us-pa,596122,14759,697153,7234659,1508,,27029,6891,,4074,3158,1310,,9214,,,,0.141,,67.9,0.03,0.92,0.1,0.59,,0.78,3,,,289,
2020-12-25,US,PA,,42,,,iso1:us#iso2:us-pa,602605,14892,703704,7279618,1508,,25224,6576,,4051,3053,1283,,6483,,,,0.138,,64.9,0.04,0.93,0.1,0.56,,0.75,3,,,133,
2020-12-26,US,PA,,42,,,iso1:us#iso2:us-pa,609682,14915,708718,7315136,1508,,26261,6668,,4053,3017,1278,,7077,,,,0.136,,62.8,0.04,0.93,0.1,0.55,,0.74,3,,,23,
2020-12-27,US,PA,,42,,,iso1:us#iso2:us-pa,614303,15040,714091,7347251,1508,,26036,6917,,4062,3051,1286,,4621,,,,0.136,,60.6,0.04,0.94,0.1,0.56,,0.75,3,,,125,
2020-12-28,US,PA,,42,,,iso1:us#iso2:us-pa,619425,15114,719898,7375910,1508,,24461,6715,,3918,3113,1298,,5122,,,,0.134,,55.8,0.04,0.95,0.1,0.62,,0.79,3,,,74,
2020-12-29,US,PA,,42,,,iso1:us#iso2:us-pa,628083,15389,727702,7421611,1508,,25885,6803,,3939,3250,1316,,8658,,,,0.136,,56.8,0.04,0.95,0.1,0.66,,0.83,3,,,275,
2020-12-30,US,PA,,42,,,iso1:us#iso2:us-pa,636710,15718,736713,7487477,1508,,28542,6971,,4124,3275,1285,,8627,,,,0.135,,55.6,0.04,0.96,0.1,0.6,,0.79,3,,,329,
2020-12-31,US,PA,,42,,,iso1:us#iso2:us-pa,646060,16020,746386,7549449,1508,,28665,6776,,4037,3140,1280,,9350,,,,0.135,,55.7,0.04,0.97,0.1,0.59,,0.78,3,,,302,
2021-01-01,US,PA,,42,,,iso1:us#iso2:us-pa,652952,16247,752840,7595887,1508,,27755,6844,,3989,3120,1243,,6892,,,,0.134,,56.2,0.04,0.97,0.1,0.59,,0.78,3,,,227,
2021-01-02,US,PA,,42,,,iso1:us#iso2:us-pa,661731,16270,758193,7629765,1508,,27504,6576,,3955,3024,1239,,8779,,,,0.136,,58.1,0.04,0.98,0.1,0.57,,0.76,3,,,23,
2021-01-03,US,PA,,42,,,iso1:us#iso2:us-pa,666207,16324,764011,7664579,1508,,27796,6489,,3926,3066,1245,,4476,,,,0.136,,57.9,0.04,0.98,0.1,0.59,,0.78,3,,,54,
2021-01-04,US,PA,,42,,,iso1:us#iso2:us-pa,670769,16394,771383,7700919,1508,,26831,6490,,3834,3082,1267,,4562,,,,0.137,,57.3,0.04,0.98,0.1,0.63,,0.8,3,,,70,
2021-01-05,US,PA,,42,,,iso1:us#iso2:us-pa,679760,16583,780111,7755273,1508,,27601,6673,,3884,3190,1217,,8991,,,,0.136,,57.7,0.04,0.98,0.1,0.64,,0.82,3,,,189,
2021-01-06,US,PA,,42,,,iso1:us#iso2:us-pa,689162,16960,789610,7822765,1508,,30055,6590,,3906,3184,1191,,9402,,,,0.136,,58.5,0.04,0.98,0.1,0.62,,0.82,3,,,377,
2021-01-07,US,PA,,42,,,iso1:us#iso2:us-pa,699018,17220,799039,7891153,1508,,30121,6406,,3935,3191,1173,,9856,,,,0.134,,59.1,0.04,0.97,0.1,0.61,,0.81,3,,,260,
2021-01-08,US,PA,,42,,,iso1:us#iso2:us-pa,709235,17427,807148,7954468,1508,,27332,6212,,3873,3126,1134,,10217,,,,0.132,,62.8,0.04,0.96,0.1,0.6,,0.81,3,,,207,
2021-01-09,US,PA,,42,,,iso1:us#iso2:us-pa,718642,17681,814871,8006011,1508,,26894,6148,,3994,3176,1136,,9407,,,,0.131,,63.5,0.04,0.95,0.1,0.58,,0.8,3,,,254,
2021-01-10,US,PA,,42,,,iso1:us#iso2:us-pa,725506,17780,820759,8043546,1508,,26072,5871,,4001,3108,1113,,6864,,,,0.13,,66.2,0.04,0.95,0.1,0.55,,0.78,3,,,99,
2021-01-11,US,PA,,42,,,iso1:us#iso2:us-pa,731967,17861,826940,8082127,1508,,24669,5881,,3742,3124,1138,,6461,,,,0.127,,68.3,0.03,0.94,0.1,0.65,,0.83,3,,,81,
2021-01-12,US,PA,,42,,,iso1:us#iso2:us-pa,739212,18091,833114,8137215,1508,,24900,5784,,3896,3270,1104,,7245,,,,0.122,,66.3,0.04,0.93,0.1,0.64,,0.84,3,,,230,
2021-01-13,US,PA,,42,,,iso1:us#iso2:us-pa,747245,18458,839732,8203102,1508,,28001,5864,,4026,3249,1117,,8033,,,,0.116,,64.8,0.04,0.92,0.1,0.59,,0.81,3,,,367,
2021-01-14,US,PA,,42,,,iso1:us#iso2:us-pa,754441,18752,846467,8268731,1508,,27445,5750,,4071,3222,1087,,7196,1065300,353821,56188,0.112,,61.8,0.04,0.91,0.1,0.56,,0.79,3,0.028,0.004,294,410414
2021-01-15,US,PA,,42,,,iso1:us#iso2:us-pa,760552,18978,853378,8331025,1508,,27777,5622,,3977,3193,1052,,6111,1075350,380727,66941,0.109,,57.3,0.04,0.9,0.1,0.57,,0.8,3,0.03,0.005,226,448151
2021-01-16,US,PA,,42,,,iso1:us#iso2:us-pa,767074,19188,859004,8383781,1508,,27218,5435,,3999,3170,1040,,6522,,,,0.105,,54,0.04,0.89,0.1,0.56,,0.79,3,,,210,
2021-01-17,US,PA,,42,,,iso1:us#iso2:us-pa,772747,19310,863387,8420014,1508,,26042,5347,,3929,3031,1021,,5673,,,,0.102,,52.7,0.04,0.89,0.1,0.53,,0.77,3,,,122,
2021-01-18,US,PA,,42,,,iso1:us#iso2:us-pa,776490,19390,867761,8453186,1508,,24195,5160,,3856,3090,993,,3743,,,,0.099,,49.7,0.05,0.89,0.1,0.56,,0.8,3,,,80,
2021-01-19,US,PA,,42,,,iso1:us#iso2:us-pa,783355,19467,872820,8505595,1508,,24948,5122,,3875,3117,957,,6865,1075350,464339,79526,0.097,,49.3,0.05,0.89,0.1,0.56,,0.8,3,0.036,0.006,77,544416
2021-01-20,US,PA,,42,,,iso1:us#iso2:us-pa,789029,19868,878647,8571415,1508,,27313,5100,,3991,3148,931,,5674,1223250,482791,85290,0.096,,46.6,0.05,0.89,0.1,0.52,,0.79,3,0.038,0.007,401,568660
2021-01-21,US,PA,,42,,,iso1:us#iso2:us-pa,794632,20128,883970,8628280,1508,,27160,4926,,3919,3075,912,,5603,1344375,508391,96395,0.094,,44.8,0.05,0.89,0.1,0.52,,0.78,3,0.04,0.008,260,605428
2021-01-22,US,PA,,42,,,iso1:us#iso2:us-pa,799948,20322,889157,8684463,1508,,27163,4915,,4002,3186,869,,5316,1465850,539431,112692,0.092,,44,0.05,0.89,0.1,0.52,,0.8,3,0.042,0.009,194,652886
2021-01-23,US,PA,,42,,,iso1:us#iso2:us-pa,805272,20526,893765,8736389,1508,,26393,4640,,3992,3164,854,,5324,1564125,572228,122849,0.09,,42.6,0.06,0.89,0.1,0.51,,0.79,3,0.045,0.01,204,695870
2021-01-24,US,PA,,42,,,iso1:us#iso2:us-pa,808951,20609,897748,8771925,1508,,25587,4553,,3966,2990,845,,3679,1564125,611359,131908,0.089,,40.4,0.06,0.89,0.1,0.46,,0.75,3,0.048,0.01,83,744591
2021-01-25,US,PA,,42,,,iso1:us#iso2:us-pa,813665,20664,901455,8802592,1508,,23854,4422,,3839,3010,836,,4714,1564125,639526,135939,0.088,,41.5,0.06,0.9,0.1,0.5,,0.78,3,0.05,0.011,55,776799
2021-01-26,US,PA,,42,,,iso1:us#iso2:us-pa,818330,20883,905703,8848325,1508,,25187,4472,,4006,3170,838,,4665,1636675,657711,141304,0.088,,39,0.06,0.9,0.1,0.5,,0.79,3,0.051,0.011,219,800354
2021-01-27,US,PA,,42,,,iso1:us#iso2:us-pa,824216,21105,910648,8910527,1508,,27516,4553,,3971,3184,807,,5886,1817925,693731,156798,0.086,,39.3,0.06,0.9,0.1,0.51,,0.8,3,0.054,0.012,222,851980
2021-01-28,US,PA,,42,,,iso1:us#iso2:us-pa,830295,21350,915581,8970102,1508,,26926,4500,,3915,3091,769,,6079,1915350,695656,159259,0.085,,39.8,0.06,0.9,0.1,0.48,,0.79,3,0.054,0.012,245,856371
2021-01-29,US,PA,,42,,,iso1:us#iso2:us-pa,839888,21524,920193,9024573,1508,,26620,4365,,3923,3057,772,,9593,1973775,777260,193432,0.084,,44.6,0.05,0.89,0.1,0.47,,0.78,3,0.061,0.015,174,972742
2021-01-30,US,PA,,42,,,iso1:us#iso2:us-pa,844519,21658,923904,9069939,1508,,26032,4120,,3927,2991,733,,4631,1976925,819889,209964,0.083,,43.8,0.05,0.89,0.1,0.44,,0.76,3,0.064,0.016,134,1032426
2021-01-31,US,PA,,42,,,iso1:us#iso2:us-pa,848244,21715,925942,9095450,1508,,24806,4037,,3929,2886,745,,3725,1976925,862021,223489,0.08,,43.8,0.05,0.89,0.1,0.42,,0.73,3,0.067,0.017,57,1088172
2021-02-01,US,PA,,42,,,iso1:us#iso2:us-pa,851911,21741,928201,9114507,1508,,23392,3989,,3746,2868,691,,3667,1976925,900237,231261,0.079,,42.7,0.06,0.88,0.1,0.44,,0.77,3,0.07,0.018,26,1134185
2021-02-02,US,PA,,42,,,iso1:us#iso2:us-pa,856214,21866,930494,9141560,1508,,24520,4166,,3802,3046,706,,4303,1987200,916235,236995,0.078,,42.3,0.06,0.88,0.1,0.48,,0.8,3,0.072,0.019,125,1155945
2021-02-03,US,PA,,42,,,iso1:us#iso2:us-pa,859345,22010,933168,9183161,1508,,26309,4110,,3891,3019,703,,3131,2143150,917497,237876,0.076,,39.2,0.06,0.88,0.1,0.45,,0.78,3,0.072,0.019,144,1158091
2021-02-04,US,PA,,42,,,iso1:us#iso2:us-pa,862763,22143,937916,9241569,1508,,26289,3813,,3968,3099,690,,3418,2203850,958587,257255,0.076,,36.2,0.07,0.87,0.1,0.44,,0.78,3,0.075,0.02,133,1218735
2021-02-05,US,PA,,42,,,iso1:us#iso2:us-pa,867502,22273,942515,9298092,1508,,25972,3773,,3907,3053,666,,4739,2292500,993076,275444,0.075,,30.8,0.08,0.87,0.1,0.44,,0.78,3,0.078,0.022,130,1271529
2021-02-06,US,PA,,42,,,iso1:us#iso2:us-pa,871435,22422,946319,9343477,1508,,25784,3587,,3951,3014,650,,3933,2292500,1036395,298741,0.076,,30,0.08,0.86,0.1,0.41,,0.76,3,0.081,0.023,149,1338491
2021-02-07,US,PA,,42,,,iso1:us#iso2:us-pa,875557,22493,948600,9369611,1508,,25037,3468,,3924,2888,619,,4122,2292500,1082700,321336,0.076,,30.5,0.08,0.86,0.1,0.37,,0.74,3,0.085,0.025,71,1407839
2021-02-08,US,PA,,42,,,iso1:us#iso2:us-pa,878679,22497,951109,9394255,1508,,23795,3444,,3766,2892,623,,3122,,,,0.076,,29.9,0.08,0.86,0.1,0.42,,0.77,3,,,4,
2021-02-09,US,PA,,42,,,iso1:us#iso2:us-pa,883005,22656,954399,9445385,1508,,24498,3472,,3878,3065,622,,4326,2322875,1134099,340234,0.073,,29.9,0.08,0.86,0.1,0.43,,0.79,3,0.089,0.027,159,1478180
2021-02-10,US,PA,,42,,,iso1:us#iso2:us-pa,886115,22795,957455,9502144,1508,,27099,3541,,3955,3044,588,,3110,2437975,1176825,356869,0.071,,29.9,0.08,0.86,0.1,0.39,,0.77,3,0.092,0.028,139,1538058
2021-02-11,US,PA,,42,,,iso1:us#iso2:us-pa,890100,22908,960688,9556406,1508,,26693,3313,,3873,2979,544,,3985,2540475,1215755,373882,0.067,,30.5,0.08,0.86,0.1,0.38,,0.77,3,0.095,0.029,113,1594474
2021-02-12,US,PA,,42,,,iso1:us#iso2:us-pa,893359,23007,963735,9603001,1508,,26358,3195,,3963,3052,531,,3259,2592850,1264215,399610,0.065,,28.9,0.08,0.86,0.1,0.37,,0.77,3,0.099,0.031,99,1668862
2021-02-13,US,PA,,42,,,iso1:us#iso2:us-pa,897038,23114,966490,9642170,1508,,24937,2805,,3738,2841,526,,3679,2682600,1269266,403898,0.063,,28.6,0.08,0.86,0.1,0.37,,0.76,3,0.099,0.032,107,1678229
2021-02-14,US,PA,,42,,,iso1:us#iso2:us-pa,899474,23136,968514,9669401,1508,,23878,2736,,3782,2731,507,,2436,2689425,1363250,453485,0.062,,26.7,0.09,0.87,0.1,0.33,,0.72,3,0.106,0.035,22,1822327
2021-02-15,US,PA,,42,,,iso1:us#iso2:us-pa,901245,23157,970676,9693108,1508,,23155,2803,,3706,2829,545,,1771,,,,0.061,,25.2,0.09,0.87,0.1,0.38,,0.76,3,,,21,
2021-02-16,US,PA,,42,,,iso1:us#iso2:us-pa,904203,23166,973285,9730914,1508,,24242,2791,,3741,2959,513,,2958,2711550,1369992,457037,0.062,,23.7,0.1,0.87,0.1,0.4,,0.79,2,0.107,0.036,9,1832629
2021-02-17,US,PA,,42,,,iso1:us#iso2:us-pa,907736,23360,975762,9776294,1508,,25958,2788,,3891,2943,502,,3533,2717400,1445138,498866,0.063,,24.1,0.1,0.88,0.1,0.35,,0.76,2,0.113,0.039,194,1950185
2021-02-18,US,PA,,42,,,iso1:us#iso2:us-pa,911033,23452,978466,9821156,1508,,25742,2607,,3879,2955,495,,3297,2731050,1478146,518285,0.063,,23.4,0.1,0.88,0.1,0.35,,0.76,2,0.115,0.04,92,2002786
2021-02-19,US,PA,,42,,,iso1:us#iso2:us-pa,913825,23529,980538,9857892,1508,,26210,2599,,3921,3024,473,,2792,2989725,1601176,577183,0.062,,22.8,0.1,0.89,0.1,0.35,,0.77,2,0.125,0.045,77,2184973
2021-02-20,US,PA,,42,,,iso1:us#iso2:us-pa,916378,23615,982528,9889927,1508,,25029,2473,,3829,2813,432,,2553,2989725,1628681,596337,0.061,,21.6,0.11,0.9,0.1,0.3,,0.73,2,0.127,0.047,86,2231800
2021-02-21,US,PA,,42,,,iso1:us#iso2:us-pa,918174,23640,984109,9908508,1508,,24166,2370,,3838,2756,427,,1796,2989725,1667727,631998,0.061,,20.9,0.11,0.91,0.1,0.28,,0.72,2,0.13,0.049,25,2306828
2021-02-22,US,PA,,42,,,iso1:us#iso2:us-pa,920025,23657,985743,9931288,1508,,22997,2439,,3651,2731,439,,1851,2989725,1699811,654674,0.059,,21,0.11,0.91,0.1,0.32,,0.75,2,0.133,0.051,17,2358058
2021-02-23,US,PA,,42,,,iso1:us#iso2:us-pa,922848,23749,988238,9984121,1508,,24283,2488,,3705,2873,467,,2823,3268605,1710379,667307,0.056,,20.8,0.11,0.92,0.1,0.36,,0.78,2,0.134,0.052,92,2381079
2021-02-24,US,PA,,42,,,iso1:us#iso2:us-pa,925662,23832,991299,10044359,1508,,26488,2582,,3931,3008,456,,2814,3493465,1731971,689403,0.055,,20,0.12,0.93,0.1,0.33,,0.77,2,0.135,0.054,83,2425429
2021-02-25,US,PA,,42,,,iso1:us#iso2:us-pa,928029,23910,994205,10098351,1508,,26482,2557,,3858,2957,431,,2367,3647105,1766202,718962,0.054,,19,0.12,0.94,0.1,0.32,,0.77,2,0.138,0.056,78,2489919
2021-02-26,US,PA,,42,,,iso1:us#iso2:us-pa,931099,23979,996868,10147667,1508,,26211,2403,,3932,2970,411,,3070,3806965,1804661,752848,0.053,,19.3,0.12,0.94,0.1,0.3,,0.76,2,0.141,0.059,69,2562627
2021-02-27,US,PA,,42,,,iso1:us#iso2:us-pa,934113,23979,998879,10181730,1508,,25242,2203,,3841,2841,408,,3014,3915545,1868724,800575,0.053,,19.8,0.12,0.95,0.1,0.29,,0.74,2,0.146,0.063,0,2676006
2021-02-28,US,PA,,42,,,iso1:us#iso2:us-pa,935911,24056,1000427,10200600,1508,,24426,2123,,3832,2713,395,,1798,3915545,1911844,833444,0.053,,19.8,0.12,0.96,0.1,0.26,,0.71,2,0.149,0.065,77,2751844
2021-03-01,US,PA,,42,,,iso1:us#iso2:us-pa,938308,24065,1002242,10227547,1508,,23242,2117,,3699,2776,380,,2397,3915545,1956197,871814,0.053,,20.4,0.12,0.97,0.1,0.29,,0.75,2,0.153,0.068,9,2835338
2021-03-02,US,PA,,42,,,iso1:us#iso2:us-pa,940811,24135,1004716,10281658,1508,,24344,2239,,3791,2919,387,,2503,4025115,1991624,888877,0.052,,20,0.12,0.97,0.1,0.31,,0.77,2,0.156,0.069,70,2886451
2021-03-03,US,PA,,42,,,iso1:us#iso2:us-pa,943448,24214,1007009,10335616,1508,,26516,2321,,3922,2959,380,,2637,4280055,2027725,915065,0.051,,19.8,0.12,0.98,0.1,0.28,,0.75,2,0.158,0.071,79,2948581
2021-03-04,US,PA,,42,,,iso1:us#iso2:us-pa,946455,24265,1009522,10384106,1508,,26608,2158,,3949,2968,348,,3007,4332465,2080306,950079,0.051,,20.6,0.11,0.99,0.1,0.26,,0.75,2,0.162,0.074,51,3036398
2021-03-05,US,PA,,42,,,iso1:us#iso2:us-pa,949223,24311,1011792,10429493,1508,,25872,2050,,3924,2951,339,,2768,4439935,2174827,988025,0.05,,20.2,0.12,0.99,0.1,0.26,,0.75,2,0.17,0.077,46,3169691
2021-03-06,US,PA,,42,,,iso1:us#iso2:us-pa,951703,24362,1013784,10462943,1508,,24853,1949,,3851,2833,330,,2480,4641045,2257020,1033492,0.05,,19.6,0.12,1,0.1,0.24,,0.74,2,0.176,0.081,51,3298800
2021-03-07,US,PA,,42,,,iso1:us#iso2:us-pa,953421,24393,1015519,10482269,1508,,24495,1898,,3853,2721,325,,1718,4641045,2274225,1038966,0.051,,19.5,0.12,1.01,0.1,0.22,,0.71,2,0.178,0.081,31,3319263
2021-03-08,US,PA,,42,,,iso1:us#iso2:us-pa,955337,24401,1017204,10506524,1508,,22922,1921,,3760,2755,330,,1916,4641045,2289199,1043146,0.051,,19,0.12,1.01,0.1,0.25,,0.73,2,0.179,0.081,8,3335592
2021-03-09,US,PA,,42,,,iso1:us#iso2:us-pa,958266,24445,1019847,10557591,1508,,24062,2072,,3728,2923,345,,2929,4808285,2401448,1117905,0.052,,19.5,0.12,1.02,0.1,0.3,,0.78,2,0.188,0.087,44,3524263
2021-03-10,US,PA,,42,,,iso1:us#iso2:us-pa,960877,24485,1022283,10611853,1508,,26120,2079,,3900,2897,352,,2611,4968885,2470284,1161950,0.052,,19.4,0.12,1.03,0.1,0.26,,0.74,2,0.193,0.091,40,3638014
2021-03-11,US,PA,,42,,,iso1:us#iso2:us-pa,963552,24533,1024528,10659054,1508,,25915,1952,,3949,2943,327,,2675,5157695,2530355,1203908,0.052,,19.1,0.12,1.04,0.1,0.25,,0.75,2,0.198,0.094,48,3737143
2021-03-12,US,PA,,42,,,iso1:us#iso2:us-pa,966620,24576,1027452,10703175,1508,,25725,2012,,3892,2929,336,,3068,5193895,2548224,1211482,0.054,,19.4,0.12,1.05,0.1,0.26,,0.75,2,0.199,0.095,43,3759104
2021-03-13,US,PA,,42,,,iso1:us#iso2:us-pa,969095,24576,1029598,10733146,1508,,24754,1904,,3821,2781,315,,2475,5446125,2751412,1341625,0.055,,19.4,0.12,1.06,0.1,0.23,,0.73,2,0.215,0.105,0,4093668
2021-03-14,US,PA,,42,,,iso1:us#iso2:us-pa,970914,24576,1031250,10750906,1508,,24000,1822,,3753,2564,309,,1819,5446125,2812196,1378528,0.055,,19.5,0.12,1.07,0.1,0.21,,0.68,2,0.22,0.108,0,4191298
2021-03-15,US,PA,,42,,,iso1:us#iso2:us-pa,972772,24630,1033384,10778148,1508,,22908,1856,,3686,2709,304,,1858,5446125,2862957,1422010,0.056,,19.5,0.12,1.08,0.1,0.24,,0.73,2,0.224,0.111,54,4283453
2021-03-16,US,PA,,42,,,iso1:us#iso2:us-pa,975872,24714,1036309,10830127,1508,,24281,1979,,3772,2936,306,,3100,5533725,2901757,1442681,0.057,,19.6,0.12,1.09,0.1,0.27,,0.78,2,0.227,0.113,84,4340831
2021-03-17,US,PA,,42,,,iso1:us#iso2:us-pa,979065,24749,1039140,10880649,1508,,25731,1986,,3826,2890,307,,3193,5860715,3012928,1538429,0.059,,20.3,0.12,1.1,0.1,0.25,,0.76,2,0.235,0.12,35,4491125
2021-03-18,US,PA,,42,,,iso1:us#iso2:us-pa,982115,24781,1042241,10928185,1508,,25861,2011,,3832,2938,317,,3050,5956125,3087042,1580677,0.062,,20.7,0.11,1.1,0.1,0.26,,0.77,2,0.241,0.123,32,4591687
2021-03-19,US,PA,,42,,,iso1:us#iso2:us-pa,985595,24817,1044457,10956609,1508,,25856,2098,,3911,3018,341,,3480,6017065,3104875,1587925,0.063,,21.2,0.11,1.11,0.1,0.28,,0.77,2,0.243,0.124,36,4612975
2021-03-20,US,PA,,42,,,iso1:us#iso2:us-pa,989336,24841,1046012,10975268,1508,,24941,2043,,3869,2898,350,,3741,6257455,3124834,1596830,0.063,,22.6,0.1,1.12,0.1,0.26,,0.75,2,0.244,0.125,24,4637450
2021-03-21,US,PA,,42,,,iso1:us#iso2:us-pa,991403,24853,1048071,10994759,1508,,24029,1917,,3825,2774,353,,2067,6257455,3130512,1599223,0.065,,22.9,0.1,1.12,0.1,0.25,,0.73,2,0.245,0.125,12,4639971
2021-03-22,US,PA,,42,,,iso1:us#iso2:us-pa,993622,24839,1050576,11021285,1508,,23163,2057,,3678,2819,371,,2219,6257455,3209843,1639030,0.066,,23.3,0.1,1.12,0.1,0.3,,0.77,2,0.251,0.128,,4748613
2021-03-23,US,PA,,42,,,iso1:us#iso2:us-pa,997245,24876,1054302,11071433,1508,,24042,2064,,3706,2888,382,,3623,6337155,3481464,1782548,0.069,,23.9,0.1,1.12,0.1,0.32,,0.78,2,0.272,0.139,37,5150999
2021-03-24,US,PA,,42,,,iso1:us#iso2:us-pa,1001913,24934,1058051,11122830,1508,,26174,2158,,3997,3076,383,,4668,6713715,3578990,1828033,0.072,,25.5,0.09,1.12,0.1,0.29,,0.77,3,0.28,0.143,58,5290020
2021-03-25,US,PA,,42,,,iso1:us#iso2:us-pa,1005504,24972,1061635,11169307,1508,,26196,2250,,3827,2926,406,,3591,6814805,3601385,1843196,0.074,,26.1,0.09,1.12,0.1,0.31,,0.76,3,0.281,0.144,38,5325139
2021-03-26,US,PA,,42,,,iso1:us#iso2:us-pa,1010521,25013,1065959,11213623,1508,,25671,2318,,3829,2932,405,,5017,6947385,3739501,1899063,0.077,,27.8,0.08,1.12,0.1,0.31,,0.77,3,0.292,0.148,41,5516639
2021-03-27,US,PA,,42,,,iso1:us#iso2:us-pa,1014137,25044,1069789,11248951,1508,,24951,2284,,3815,2821,404,,3616,7164385,3842037,1954462,0.08,,27.7,0.09,1.12,0.1,0.29,,0.74,3,0.3,0.153,31,5670930
2021-03-28,US,PA,,42,,,iso1:us#iso2:us-pa,1016713,25058,1072563,11270052,1508,,24096,2224,,3769,2700,398,,2576,7164385,3917341,2007637,0.082,,28.2,0.08,1.11,0.1,0.27,,0.72,3,0.306,0.157,14,5795550
2021-03-29,US,PA,,42,,,iso1:us#iso2:us-pa,1020584,25073,1076005,11297975,1508,,23173,2363,,3634,2788,412,,3871,7164385,3971897,2055405,0.084,,30.1,0.08,1.11,0.1,0.33,,0.77,3,0.31,0.161,15,5893502
2021-03-30,US,PA,,42,,,iso1:us#iso2:us-pa,1025958,25106,1080303,11351559,1508,,24328,2591,,3614,2870,457,,5374,7404805,4003172,2084919,0.085,,32,0.07,1.1,0.1,0.38,,0.79,3,0.313,0.163,33,5947782
2021-03-31,US,PA,,42,,,iso1:us#iso2:us-pa,1030415,25150,1084767,11404722,1508,,25809,2580,,3792,2874,451,,4457,7659555,4071410,2128284,0.087,,31.8,0.07,1.09,0.1,0.33,,0.76,3,0.318,0.166,44,6056762
2021-04-01,US,PA,,42,,,iso1:us#iso2:us-pa,1034263,25179,1089165,11452748,1508,,25696,2549,,3727,2862,456,,3848,7766195,4153159,2197732,0.089,,32.1,0.07,1.09,0.1,0.35,,0.77,3,0.324,0.172,29,6201769
2021-04-02,US,PA,,42,,,iso1:us#iso2:us-pa,1038349,25206,1093442,11497517,1508,,25217,2638,,3842,2960,451,,4086,7898745,4283487,2255292,0.088,,31.1,0.08,1.08,0.1,0.34,,0.77,3,0.335,0.176,27,6384592
2021-04-03,US,PA,,42,,,iso1:us#iso2:us-pa,1043693,25243,1097273,11529172,1508,,23760,2584,,3817,2777,438,,5344,8174805,4383439,2327675,0.089,,33,0.07,1.08,0.1,0.3,,0.73,3,0.342,0.182,37,6551136
2021-04-04,US,PA,,42,,,iso1:us#iso2:us-pa,1046714,25250,1100155,11549613,1508,,23643,2593,,3848,2763,453,,3021,8174805,4457192,2379746,0.09,,33.5,0.07,1.07,0.1,0.29,,0.72,3,0.348,0.186,7,6670089
2021-04-05,US,PA,,42,,,iso1:us#iso2:us-pa,1050649,25254,1103048,11575142,1508,,22773,2715,,3678,2783,472,,3935,8174805,4505442,2424161,0.089,,33.5,0.07,1.06,0.1,0.35,,0.76,3,0.352,0.189,4,6756869
2021-04-06,US,PA,,42,,,iso1:us#iso2:us-pa,1055498,25291,1107541,11629247,1508,,24348,2889,,3689,2945,500,,4849,8568735,4528588,2448811,0.089,,33,0.07,1.06,0.1,0.4,,0.8,3,0.354,0.191,37,6802632
2021-04-07,US,PA,,42,,,iso1:us#iso2:us-pa,1060102,25342,1112249,11689691,1508,,26457,2976,,3853,3094,536,,4604,8911635,4537537,2461399,0.088,,33.1,0.07,1.05,0.1,0.41,,0.8,3,0.354,0.192,51,6819136
2021-04-08,US,PA,,42,,,iso1:us#iso2:us-pa,1064568,25380,1117255,11746458,1508,,26240,2902,,3752,2974,544,,4466,9108805,4552690,2479698,0.087,,33.8,0.07,1.04,0.1,0.41,,0.79,3,0.356,0.194,38,6842553
2021-04-09,US,PA,,42,,,iso1:us#iso2:us-pa,1069713,25421,1121965,11796700,1508,,26338,2944,,3824,3067,545,,5145,9242995,4607194,2512316,0.087,,35,0.07,1.04,0.1,0.42,,0.8,3,0.36,0.196,41,6920672
2021-04-10,US,PA,,42,,,iso1:us#iso2:us-pa,1073909,25457,1125922,11830260,1508,,25753,2833,,3821,2955,543,,4196,9541785,4926401,2775652,0.087,,33.7,0.07,1.03,0.1,0.39,,0.77,3,0.385,0.217,36,7457814
2021-04-11,US,PA,,42,,,iso1:us#iso2:us-pa,1077271,25459,1129151,11853535,1508,,24971,2847,,3790,2837,559,,3362,9542955,4986237,2837612,0.087,,34.1,0.07,1.02,0.1,0.37,,0.75,3,0.389,0.222,2,7559762
2021-04-12,US,PA,,42,,,iso1:us#iso2:us-pa,1080998,25460,1132922,11883425,1508,,23914,2931,,3682,2924,569,,3727,9542955,5059892,2911810,0.088,,33.9,0.07,1.01,0.1,0.43,,0.79,3,0.395,0.227,1,7687290
2021-04-13,US,PA,,42,,,iso1:us#iso2:us-pa,1087116,25527,1136913,11937977,1508,,25235,3009,,3672,3032,568,,6118,9681485,5129217,2982784,0.087,,35.3,0.07,1,0.1,0.47,,0.83,3,0.401,0.233,67,7811291
2021-04-14,US,PA,,42,,,iso1:us#iso2:us-pa,1093491,25580,1142166,11999717,1508,,27517,3015,,3753,2976,591,,6375,10014035,5204337,3050358,0.088,,37.3,0.06,0.99,0.1,0.43,,0.79,3,0.407,0.238,53,7936989
2021-04-15,US,PA,,42,,,iso1:us#iso2:us-pa,1098619,25623,1147106,12053773,1508,,27396,3039,,3703,2906,580,,5128,10204085,5289073,3120764,0.089,,38,0.06,0.98,0.1,0.42,,0.78,3,0.413,0.244,43,8084439
2021-04-16,US,PA,,42,,,iso1:us#iso2:us-pa,1104166,25681,1151521,12102383,1508,,27301,3111,,3849,3030,591,,5547,10333705,5385761,3214140,0.088,,38.4,0.06,0.97,0.1,0.42,,0.79,3,0.421,0.251,58,8249758
2021-04-17,US,PA,,42,,,iso1:us#iso2:us-pa,1108538,25719,1154999,12135648,1508,,26285,3071,,3762,2957,592,,4372,10649235,5461018,3282010,0.087,,38.6,0.06,0.96,0.1,0.42,,0.79,3,0.427,0.256,38,8391487
2021-04-18,US,PA,,42,,,iso1:us#iso2:us-pa,1111381,25744,1157543,12156525,1508,,25274,3109,,3743,2833,605,,2843,10649235,5525174,3346275,0.086,,38.1,0.06,0.94,0.1,0.4,,0.76,3,0.432,0.261,25,8517810
2021-04-19,US,PA,,42,,,iso1:us#iso2:us-pa,1114472,25744,1161228,12188310,1508,,24286,3247,,3543,2757,604,,3091,10649235,5559900,3386346,0.085,,37.4,0.06,0.93,0.1,0.43,,0.78,3,0.434,0.265,0,8591616
2021-04-20,US,PA,,42,,,iso1:us#iso2:us-pa,1119535,25821,1165066,12245010,1508,,25442,3422,,3552,2963,632,,5063,10783625,5618596,3427409,0.084,,36.2,0.07,0.92,0.1,0.52,,0.83,3,0.439,0.268,77,8690848
2021-04-21,US,PA,,42,,,iso1:us#iso2:us-pa,1124073,25886,1169199,12305520,1508,,27771,3357,,3693,2958,617,,4538,11156275,5720590,3506017,0.081,,34.1,0.07,0.91,0.1,0.46,,0.8,3,0.447,0.274,65,8871360
2021-04-22,US,PA,,42,,,iso1:us#iso2:us-pa,1128144,25934,1172911,12355876,1508,,27156,3206,,3687,2937,618,,4071,11398645,5796239,3566747,0.079,,32.9,0.07,0.9,0.1,0.45,,0.8,3,0.453,0.279,48,9007319
2021-04-23,US,PA,,42,,,iso1:us#iso2:us-pa,1132212,25990,1176597,12402851,1508,,27066,3160,,3739,2972,606,,4068,11575915,5912750,3684394,0.077,,31.3,0.08,0.89,0.1,0.44,,0.79,3,0.462,0.288,56,9239553
2021-04-24,US,PA,,42,,,iso1:us#iso2:us-pa,1135903,26033,1179381,12434298,1508,,25417,3048,,3546,2701,599,,3691,11822805,6011913,3776497,0.075,,30.5,0.08,0.88,0.1,0.41,,0.76,3,0.47,0.295,43,9430907
2021-04-25,US,PA,,42,,,iso1:us#iso2:us-pa,1138529,26038,1181862,12456610,1508,,25196,2930,,3821,2813,563,,2626,11822805,6058101,3828493,0.075,,30.3,0.08,0.88,0.1,0.36,,0.74,3,0.473,0.299,5,9527786
2021-04-26,US,PA,,42,,,iso1:us#iso2:us-pa,1141219,26042,1184611,12486157,1508,,24007,2962,,3517,2703,582,,2690,11822805,6103395,3868459,0.073,,29.8,0.08,0.87,0.1,0.42,,0.77,3,0.477,0.302,4,9613437
2021-04-27,US,PA,,42,,,iso1:us#iso2:us-pa,1144880,26120,1187978,12542835,1508,,24882,2860,,3626,2932,573,,3661,11928615,6151465,3903690,0.071,,28.3,0.08,0.86,0.1,0.45,,0.81,3,0.481,0.305,78,9696649
2021-04-28,US,PA,,42,,,iso1:us#iso2:us-pa,1148422,26185,1191303,12598708,1508,,26885,2851,,3835,3029,568,,3542,12260615,6204777,3956547,0.07,,27.2,0.09,0.86,0.1,0.41,,0.79,3,0.485,0.309,65,9800202
2021-04-29,US,PA,,42,,,iso1:us#iso2:us-pa,1151784,26233,1194585,12645616,1508,,27204,2705,,3709,2944,559,,3362,12499395,6267560,4027307,0.07,,26.4,0.09,0.85,0.1,0.42,,0.79,3,0.49,0.315,48,9931324
2021-04-30,US,PA,,42,,,iso1:us#iso2:us-pa,1156246,26275,1197534,12689428,1508,,26560,2727,,3823,3037,527,,4462,12618775,6326613,4092041,0.068,,26.8,0.09,0.84,0.1,0.4,,0.79,3,0.494,0.32,42,10051650
2021-05-01,US,PA,,42,,,iso1:us#iso2:us-pa,1158964,26307,1199877,12717231,1508,,25611,2655,,3747,2888,516,,2718,12877055,6417965,4191552,0.068,,25.7,0.09,0.84,0.1,0.38,,0.77,3,0.501,0.327,32,10238628
2021-05-02,US,PA,,42,,,iso1:us#iso2:us-pa,1161184,26327,1201610,12735601,1508,,24705,2574,,3737,2797,508,,2220,12877055,6444967,4226547,0.066,,25.3,0.09,0.83,0.1,0.35,,0.75,3,0.503,0.33,20,10297139
2021-05-03,US,PA,,42,,,iso1:us#iso2:us-pa,1163552,26330,1203765,12762434,1508,,23392,2534,,3609,2875,519,,2368,12877055,6479070,4264320,0.065,,24.9,0.09,0.83,0.1,0.41,,0.8,2,0.506,0.333,3,10367062
2021-05-04,US,PA,,42,,,iso1:us#iso2:us-pa,1166208,26383,1206305,12811077,1508,,24694,2552,,3548,2920,517,,2656,12985685,6509831,4308237,0.064,,23.8,0.1,0.82,0.1,0.45,,0.82,2,0.509,0.337,53,10438087
2021-05-05,US,PA,,42,,,iso1:us#iso2:us-pa,1168595,26446,1209036,12866682,1508,,27387,2613,,3700,2931,503,,2387,13140145,6550777,4363781,0.062,,22.5,0.1,0.82,0.1,0.4,,0.79,2,0.512,0.341,63,10531067
2021-05-06,US,PA,,42,,,iso1:us#iso2:us-pa,1171863,26497,1211400,12907562,1508,,26921,2420,,3736,2897,481,,3268,13321225,6601129,4433300,0.06,,22.4,0.11,0.81,0.1,0.36,,0.78,2,0.516,0.346,51,10644951
2021-05-07,US,PA,,42,,,iso1:us#iso2:us-pa,1174510,26547,1213493,12944415,1508,,25907,2490,,3798,2916,470,,2647,13378425,6647012,4507142,0.059,,20.4,0.12,0.81,0.1,0.35,,0.77,2,0.519,0.352,50,10758543
2021-05-08,US,PA,,42,,,iso1:us#iso2:us-pa,1176855,26578,1215012,12969503,1508,,25029,2339,,3868,2923,450,,2345,13571705,6698507,4579338,0.057,,20,0.12,0.81,0.1,0.32,,0.76,2,0.523,0.358,31,10877689
2021-05-09,US,PA,,42,,,iso1:us#iso2:us-pa,1177967,26589,1216164,12987365,1508,,24089,2167,,3806,2814,453,,1112,13571705,6727935,4629086,0.055,,18.7,0.13,0.8,0.1,0.31,,0.74,2,0.526,0.362,11,10952811
2021-05-10,US,PA,,42,,,iso1:us#iso2:us-pa,1179648,26597,1217882,13013151,1508,,22386,2099,,3467,2660,416,,1681,13571705,6751378,4662628,0.053,,18,0.13,0.8,0.1,0.34,,0.77,2,0.527,0.364,8,11005196
2021-05-11,US,PA,,42,,,iso1:us#iso2:us-pa,1181864,26650,1219937,13057869,1508,,24623,2159,,3553,2831,449,,2216,13625925,6793943,4724261,0.052,,17.5,0.13,0.79,0.1,0.38,,0.8,2,0.531,0.369,53,11106182
2021-05-12,US,PA,,42,,,iso1:us#iso2:us-pa,1183747,26715,1221852,13104410,1508,,25941,2081,,3786,2962,416,,1883,13807225,6820328,4774078,0.051,,16.9,0.14,0.79,0.1,0.34,,0.78,2,0.533,0.373,65,11178395
2021-05-13,US,PA,,42,,,iso1:us#iso2:us-pa,1186310,26751,1223643,13140409,1508,,26215,1942,,3661,2827,397,,2563,13870505,6866823,4842853,0.05,,16.1,0.15,0.79,0.1,0.32,,0.77,2,0.536,0.378,36,11288966
2021-05-14,US,PA,,42,,,iso1:us#iso2:us-pa,1187953,26780,1225212,13172923,1508,,25748,1984,,3771,2933,399,,1643,13988115,6896760,4889879,0.049,,15,0.16,0.79,0.1,0.32,,0.78,2,0.539,0.382,29,11362846
2021-05-15,US,PA,,42,,,iso1:us#iso2:us-pa,1189690,26803,1226491,13196590,1508,,24387,1863,,3702,2799,364,,1737,14115885,6940458,4944458,0.048,,14.3,0.16,0.78,0.1,0.29,,0.76,2,0.542,0.386,23,11456614
2021-05-16,US,PA,,42,,,iso1:us#iso2:us-pa,1190577,26869,1227434,13211356,1508,,24226,1718,,3692,2712,360,,887,14115885,6984945,5001289,0.048,,14.1,0.17,0.78,0.1,0.27,,0.73,2,0.546,0.391,66,11557842
2021-05-17,US,PA,,42,,,iso1:us#iso2:us-pa,1191979,26890,1228552,13234531,1508,,23144,1765,,3599,2767,367,,1402,14115885,7010884,5032660,0.046,,13.8,0.17,0.78,0.1,0.31,,0.77,2,0.548,0.393,21,11612451
2021-05-18,US,PA,,42,,,iso1:us#iso2:us-pa,1193608,26927,1230012,13275084,1508,,24330,1737,,3673,2881,353,,1629,14166565,7038721,5071114,0.044,,13.1,0.18,0.78,0.1,0.31,,0.78,2,0.55,0.396,37,11675948
2021-05-19,US,PA,,42,,,iso1:us#iso2:us-pa,1194659,26981,1231299,13312809,1508,,25770,1760,,3771,2873,346,,1051,14320745,7090220,5135168,0.043,,12.2,0.19,0.77,0.1,0.28,,0.76,2,0.554,0.401,54,11788830
2021-05-20,US,PA,,42,,,iso1:us#iso2:us-pa,1196398,27019,1232443,13342736,1508,,26291,1671,,3654,2731,340,,1739,14487355,7129435,5183394,0.042,,11.3,0.21,0.77,0.1,0.27,,0.75,2,0.557,0.405,38,11872222
2021-05-21,US,PA,,42,,,iso1:us#iso2:us-pa,1198106,27043,1233505,13369613,1508,,25821,1632,,3660,2715,323,,1708,14563035,7185382,5234840,0.04,,11.3,0.21,0.76,0.1,0.25,,0.74,2,0.561,0.409,24,11975701
2021-05-22,US,PA,,42,,,iso1:us#iso2:us-pa,1198106,27079,1234433,13387169,1508,,25153,1552,,3640,2693,321,,0,14630805,7228573,5290521,0.04,,9.4,0.25,0.76,0.1,0.25,,0.74,1,0.565,0.413,36,12070286
2021-05-23,US,PA,,42,,,iso1:us#iso2:us-pa,1200202,27089,1235015,13398402,1508,,24261,1464,,3650,2587,316,,2096,14630805,7257639,5326245,0.039,,10.7,0.22,0.75,0.1,0.23,,0.71,2,0.567,0.416,10,12131356
2021-05-24,US,PA,,42,,,iso1:us#iso2:us-pa,1201370,27089,1235743,13417697,1508,,23184,1503,,3629,2766,320,,1168,14630805,7278884,5353652,0.038,,10.5,0.22,0.75,0.1,0.27,,0.76,2,0.569,0.418,0,12177301
2021-05-25,US,PA,,42,,,iso1:us#iso2:us-pa,1202166,27137,1236724,13448704,1508,,24597,1573,,3676,2886,323,,796,14707405,7296700,5378692,0.037,,9.5,0.25,0.74,0.1,0.29,,0.79,1,0.57,0.42,48,12218849
2021-05-26,US,PA,,42,,,iso1:us#iso2:us-pa,1203130,27180,1237604,13478218,1508,,26288,1539,,3856,2958,309,,964,14791175,7331331,5417937,0.037,,9.5,0.25,0.73,0.1,0.26,,0.77,1,0.573,0.423,43,12290530
2021-05-27,US,PA,,42,,,iso1:us#iso2:us-pa,1204359,27219,1238448,13502607,1508,,25750,1517,,3917,2961,299,,1229,14871305,7368901,5462969,0.036,,8.9,0.27,0.73,0.1,0.24,,0.76,1,0.576,0.427,39,12369985
2021-05-28,US,PA,,42,,,iso1:us#iso2:us-pa,1205240,27242,1239120,13525449,1508,,25460,1664,,3794,2845,279,,881,14959855,7403072,5501721,0.035,,8,0.3,0.72,0.1,0.23,,0.75,1,0.578,0.43,23,12440155
2021-05-29,US,PA,,42,,,iso1:us#iso2:us-pa,1205950,27257,1239690,13541272,1508,,24300,1486,,3719,2712,261,,710,15063565,7443313,5544922,0.033,,8.8,0.27,0.72,0.1,0.21,,0.73,1,0.581,0.433,15,12521140
2021-05-30,US,PA,,42,,,iso1:us#iso2:us-pa,1206440,27263,1240080,13551017,1508,,23547,1426,,3730,2632,263,,490,15063565,7466772,5573531,0.032,,7,0.34,0.72,0.1,0.19,,0.71,1,0.583,0.435,6,12571563
2021-05-31,US,PA,,42,,,iso1:us#iso2:us-pa,1206755,27268,1240485,13560449,1508,,22195,1446,,3681,2606,274,,315,,,,0.032,,6,0.39,0.71,0.1,0.2,,0.71,1,,,5,
2021-06-01,US,PA,,42,,,iso1:us#iso2:us-pa,1207596,27270,1240970,13579083,1508,,22595,1402,,3679,2702,255,,841,15063565,7489056,5597140,0.032,,6.1,0.39,0.71,0.1,0.21,,0.73,1,0.585,0.437,2,12614213
2021-06-02,US,PA,,42,,,iso1:us#iso2:us-pa,1208133,27315,1241608,13612028,1508,,25844,1451,,3853,2803,234,,537,15097495,7504071,5616507,0.029,,5.6,0.42,0.71,0.1,0.18,,0.73,1,0.586,0.439,45,12648220
2021-06-03,US,PA,,42,,,iso1:us#iso2:us-pa,1208879,27349,1242254,13640626,1508,,26277,1430,,3803,2820,225,,746,15131825,7518165,5633265,0.027,,5,0.47,0.71,0.1,0.19,,0.74,1,0.587,0.44,34,12677443
2021-06-04,US,PA,,42,,,iso1:us#iso2:us-pa,1209492,27380,1242757,13664455,1508,,26018,1203,,3793,2857,203,,613,15179925,7571498,5711891,0.025,,4.7,0.5,0.71,0.1,0.18,,0.75,1,0.591,0.446,31,12805618
2021-06-05,US,PA,,42,,,iso1:us#iso2:us-pa,1209878,27404,1243195,13680938,1508,,25348,1093,,3763,2741,197,,386,15248525,7602711,5750440,0.024,,4.4,0.54,0.71,0.1,0.16,,0.73,1,0.594,0.449,24,12874233
2021-06-06,US,PA,,42,,,iso1:us#iso2:us-pa,1210213,27408,1243478,13691064,1508,,24449,1002,,3763,2592,184,,335,15248525,7603927,5751977,0.024,,4.2,0.56,0.71,0.1,0.14,,0.69,1,0.594,0.449,4,12875076
2021-06-07,US,PA,,42,,,iso1:us#iso2:us-pa,1210691,27414,1243836,13709145,1508,,23078,984,,3614,2670,182,,478,15248525,7625623,5778780,0.022,,4.4,0.54,0.71,0.1,0.16,,0.74,1,0.596,0.451,6,12922194
2021-06-08,US,PA,,42,,,iso1:us#iso2:us-pa,1211114,27446,1244152,13734417,1508,,24443,975,,3611,2818,177,,423,15274355,7660201,5831026,0.02,,3.9,0.6,0.71,0.1,0.18,,0.78,1,0.598,0.455,32,13007203
2021-06-09,US,PA,,42,,,iso1:us#iso2:us-pa,1211487,27472,1244546,13760528,1508,,26695,957,,3861,2956,172,,373,15290645,7670850,5848002,0.019,,3.7,0.63,0.71,0.1,0.16,,0.77,1,0.599,0.457,26,13034223
2021-06-10,US,PA,,42,,,iso1:us#iso2:us-pa,1212155,27493,1244912,13781907,1508,,25993,909,,3757,2829,174,,668,15326265,7691157,5878170,0.018,,3.7,0.64,0.71,0.1,0.16,,0.75,1,0.601,0.459,21,13084043
2021-06-11,US,PA,,42,,,iso1:us#iso2:us-pa,1212529,27510,1245214,13802158,1508,,25727,891,,3791,2786,171,,374,15336855,7722526,5899476,0.018,,3.4,0.7,0.71,0.1,0.15,,0.73,1,0.603,0.461,17,13135306
2021-06-12,US,PA,,42,,,iso1:us#iso2:us-pa,1212822,27526,1245433,13816994,1508,,24764,804,,3772,2653,155,,293,15354715,7756153,5945020,0.016,,3.3,0.72,0.71,0.1,0.12,,0.7,1,0.606,0.464,16,13212289
2021-06-13,US,PA,,42,,,iso1:us#iso2:us-pa,1213003,27540,1245604,13826431,1508,,24088,781,,3718,2539,140,,181,15354715,7777784,5980871,0.015,,3.1,0.76,0.71,0.1,0.11,,0.68,1,0.608,0.467,14,13267983
2021-06-14,US,PA,,42,,,iso1:us#iso2:us-pa,1213350,27543,1245850,13842744,1508,,22893,735,,3555,2607,132,,347,15354715,7798877,6011723,0.015,,3,0.79,0.7,0.1,0.12,,0.73,1,0.609,0.47,3,13318101
2021-06-15,US,PA,,42,,,iso1:us#iso2:us-pa,1213772,27566,1246098,13866877,1508,,24230,759,,3614,2784,129,,422,15389585,7817010,6043649,0.014,,3,0.79,0.7,0.1,0.13,,0.77,1,0.611,0.472,23,13365625
2021-06-16,US,PA,,42,,,iso1:us#iso2:us-pa,1214051,27582,1246387,13889368,1508,,26075,747,,3773,2751,118,,279,15396195,7818311,6045055,0.014,,2.9,0.82,0.7,0.1,0.1,,0.73,1,0.611,0.472,16,13366581
2021-06-17,US,PA,,42,,,iso1:us#iso2:us-pa,1214395,27597,1246658,13909402,1508,,25582,700,,3712,2692,106,,344,15441455,7860716,6117497,0.014,,2.5,0.94,0.69,0.1,0.09,,0.73,1,0.614,0.478,15,13479483
2021-06-18,US,PA,,42,,,iso1:us#iso2:us-pa,1214620,27612,1246874,13927730,1508,,25550,680,,3812,2768,107,,225,15458235,7885699,6149476,0.013,,2.3,1.01,0.69,0.1,0.09,,0.73,1,0.616,0.48,15,13535439
2021-06-19,US,PA,,42,,,iso1:us#iso2:us-pa,1214797,27612,1247037,13941499,1508,,25093,676,,3705,2676,101,,177,15473895,7900513,6173241,0.013,,2.2,1.07,0.69,0.1,0.09,,0.72,1,0.617,0.482,0,13571908
2021-06-20,US,PA,,42,,,iso1:us#iso2:us-pa,1214901,27621,1247204,13951125,1508,,,,,,,,,104,15473895,7916522,6195723,0.013,,2.1,1.11,0.68,0.1,,,,1,0.618,0.484,9,13609746
2021-06-21,US,PA,,42,,,iso1:us#iso2:us-pa,1215116,27623,1247386,13965345,1508,,,,,,,,,215,15473895,7925876,6209491,0.012,,2,1.2,0.68,0.12,,,,1,0.619,0.485,2,13631788
2021-06-22,US,PA,,42,,,iso1:us#iso2:us-pa,1215239,27655,1247507,13976323,1508,,,,,,,,,123,15500085,7934904,6220429,0.013,,1.6,1.44,0.68,0.14,,,,1,0.62,0.486,32,13651077
2021-06-23,US,PA,,42,,,iso1:us#iso2:us-pa,1215374,27662,,,1508,,,,,,,,,135,15508345,7949302,6235274,,,1.5,1.6,0.67,0.16,,,,1,0.621,0.487,7,13679110
2021-06-24,US,PA,,42,,,iso1:us#iso2:us-pa,1215735,27675,,,1508,,,,,,,,,361,15546445,7965701,6256420,,,1.5,1.58,0.67,0.18,,,,1,0.622,0.489,13,13715484
2021-06-25,US,PA,,42,,,iso1:us#iso2:us-pa,,,,,1508,,,,,,,,,,,,,,,,,,,,,,1,,,,